<?xml version="1.0" encoding="utf-8"?>
<COLLADA xmlns="http://www.collada.org/2005/11/COLLADASchema" version="1.4.1" xmlns:xsi="http://www.w3.org/2001/XMLSchema-instance">
  <asset>
    <contributor>
      <author>Blender User</author>
      <authoring_tool>Blender 4.1.0 commit date:2024-03-25, commit time:20:42, hash:40a5e739e270</authoring_tool>
    </contributor>
    <created>2024-04-15T16:49:03</created>
    <modified>2024-04-15T16:49:03</modified>
    <unit name="meter" meter="1"/>
    <up_axis>Z_UP</up_axis>
  </asset>
  <library_effects>
    <effect id="_14029_plastic_fruit_crate_v1_L114029_plastic_fruit_crate-effect">
      <profile_COMMON>
        <newparam sid="_4029_plastic_fruit_crate_diff_jpg-surface">
          <surface type="2D">
            <init_from>_4029_plastic_fruit_crate_diff_jpg</init_from>
          </surface>
        </newparam>
        <newparam sid="_4029_plastic_fruit_crate_diff_jpg-sampler">
          <sampler2D>
            <source>_4029_plastic_fruit_crate_diff_jpg-surface</source>
          </sampler2D>
        </newparam>
        <technique sid="common">
          <lambert>
            <emission>
              <color sid="emission">0 0 0 1</color>
            </emission>
            <diffuse>
              <texture texture="_4029_plastic_fruit_crate_diff_jpg-sampler" texcoord="UVMap"/>
            </diffuse>
            <index_of_refraction>
              <float sid="ior">1.5</float>
            </index_of_refraction>
          </lambert>
        </technique>
      </profile_COMMON>
    </effect>
  </library_effects>
  <library_images>
    <image id="_4029_plastic_fruit_crate_diff_jpg" name="_4029_plastic_fruit_crate_diff_jpg">
      <init_from>14029_plastic_fruit_crate_diff.jpg</init_from>
    </image>
  </library_images>
  <library_materials>
    <material id="_14029_plastic_fruit_crate_v1_L114029_plastic_fruit_crate-material" name="_14029_plastic_fruit_crate_v1_L114029_plastic_fruit_crate">
      <instance_effect url="#_14029_plastic_fruit_crate_v1_L114029_plastic_fruit_crate-effect"/>
    </material>
  </library_materials>
  <library_geometries>
    <geometry id="_4029_Plastic_Fruit_Crate_v1_L1-mesh" name="14029_Plastic_Fruit_Crate_v1_L1">
      <mesh>
        <source id="_4029_Plastic_Fruit_Crate_v1_L1-mesh-positions">
          <float_array id="_4029_Plastic_Fruit_Crate_v1_L1-mesh-positions-array" count="4776">-47.3061 -39.9999 39.8598 -47.3061 -39.9999 37.8518 47.3061 -39.9999 37.8518 47.3061 -39.9999 39.8598 60 -27.3062 39.8598 60 -27.3062 37.8518 60 27.3062 37.8518 60 27.3062 39.8598 47.3061 39.9999 39.8598 47.3061 39.9999 37.8518 -47.3061 39.9999 37.8518 -47.3061 39.9999 39.8598 -60 -27.3062 39.8598 -60 27.3062 39.8598 -60 27.3062 37.8518 -60 -27.3062 37.8518 52.8597 -39.2066 37.8518 52.8597 -39.2066 39.8598 -52.8597 -39.2066 39.8598 -52.8597 -39.2066 37.8518 59.2067 32.8596 37.8518 59.2067 32.8596 39.8598 -52.8597 39.2066 37.8518 -52.8597 39.2066 39.8598 56.8266 -36.8266 37.8518 56.8266 -36.8266 39.8598 59.2067 -32.8596 37.8518 59.2067 -32.8596 39.8598 -56.8266 -36.8266 39.8598 -56.8266 -36.8266 37.8518 -59.2067 -32.8596 39.8598 -59.2067 -32.8596 37.8518 56.8266 36.8266 37.8518 56.8266 36.8266 39.8598 52.8597 39.2066 37.8518 52.8597 39.2066 39.8598 -56.8266 36.8266 37.8518 -56.8266 36.8266 39.8598 -59.2067 32.8596 37.8518 -59.2067 32.8596 39.8598 46.9736 -35.3208 39.8598 -46.9736 -35.3208 39.8598 55.3209 26.9735 39.8598 55.3209 -26.9735 39.8598 -46.9736 35.3208 39.8598 46.9736 35.3208 39.8598 -55.3209 -26.9735 39.8598 -55.3209 26.9735 39.8598 51.2903 -34.7861 39.8598 -51.2903 -34.7861 39.8598 54.7859 31.2902 39.8598 -51.2903 34.7861 39.8598 53.5095 -33.5096 39.8598 54.7859 -31.2902 39.8598 -53.5095 -33.5096 39.8598 -54.7859 -31.2902 39.8598 53.5095 33.5096 39.8598 51.2903 34.7861 39.8598 -53.5095 33.5096 39.8598 -54.7859 31.2902 39.8598 15.6579 -35.3208 82.1482 0 -35.3208 82.1482 0 -39.9999 82.1482 15.7687 -39.9999 82.1482 55.3209 13.4869 82.1482 55.3209 0 82.1482 60 0 82.1482 60 13.6531 82.1482 -15.6579 35.3208 82.1482 0 35.3208 82.1482 0 39.9999 82.1482 -15.7687 39.9999 82.1482 -55.3209 -13.4869 82.1482 -55.3209 0 82.1482 -60 0 82.1482 -60 -13.6531 82.1482 47.3061 -39.9999 82.1482 52.8597 -39.2066 82.1482 51.2903 -34.7861 82.1482 46.9736 -35.3208 82.1482 -51.2903 -34.7861 82.1482 -52.8597 -39.2066 82.1482 -47.3061 -39.9999 82.1482 -46.9736 -35.3208 82.1482 60 27.3062 82.1482 59.2067 32.8596 82.1482 54.7859 31.2902 82.1482 55.3209 26.9735 82.1482 -47.3061 39.9999 82.1482 -52.8597 39.2066 82.1482 -51.2903 34.7861 82.1482 -46.9736 35.3208 82.1482 56.8266 -36.8266 82.1482 53.5095 -33.5096 82.1482 59.2067 -32.8596 82.1482 54.7859 -31.2902 82.1482 60 -27.3062 82.1482 55.3209 -26.9735 82.1482 -53.5095 -33.5096 82.1482 -56.8266 -36.8266 82.1482 -59.2067 -32.8596 82.1482 -54.7859 -31.2902 82.1482 -60 -27.3062 82.1482 -55.3209 -26.9735 82.1482 56.8266 36.8266 82.1482 53.5095 33.5096 82.1482 52.8597 39.2066 82.1482 51.2903 34.7861 82.1482 47.3061 39.9999 82.1482 46.9736 35.3208 82.1482 -56.8266 36.8266 82.1482 -53.5095 33.5096 82.1482 -59.2067 32.8596 82.1482 -54.7859 31.2902 82.1482 -60 27.3062 82.1482 -55.3209 26.9735 82.1482 0 -37.6605 78.3405 15.7133 -37.6605 78.3405 15.7687 -39.9999 78.3405 0 -39.9999 78.3405 60 0 78.3405 57.6605 0 78.3405 57.6605 13.57 78.3405 60 13.6531 78.3405 0 37.6605 78.3405 -15.7133 37.6605 78.3405 -15.7687 39.9999 78.3405 0 39.9999 78.3405 -60 0 78.3405 -57.6605 0 78.3405 -57.6605 -13.57 78.3405 -60 -13.6531 78.3405 47.3061 -39.9999 78.3405 47.1398 -37.6605 78.3405 52.075 -36.9964 78.3405 52.8597 -39.2066 78.3405 -47.3061 -39.9999 78.3405 -52.8597 -39.2066 78.3405 -52.075 -36.9964 78.3405 -47.1398 -37.6605 78.3405 60 27.3062 78.3405 57.6605 27.1398 78.3405 56.9963 32.0749 78.3405 59.2067 32.8596 78.3405 -47.3061 39.9999 78.3405 -47.1398 37.6605 78.3405 -52.075 36.9964 78.3405 -52.8597 39.2066 78.3405 55.168 -35.168 78.3405 56.8266 -36.8266 78.3405 59.2067 -32.8596 78.3405 56.9963 -32.0749 78.3405 60 -27.3062 78.3405 57.6605 -27.1398 78.3405 -56.8266 -36.8266 78.3405 -55.168 -35.168 78.3405 -59.2067 -32.8596 78.3405 -56.9963 -32.0749 78.3405 -60 -27.3062 78.3405 -57.6605 -27.1398 78.3405 55.168 35.168 78.3405 56.8266 36.8266 78.3405 52.8597 39.2066 78.3405 52.075 36.9964 78.3405 47.3061 39.9999 78.3405 47.1398 37.6605 78.3405 -55.168 35.168 78.3405 -56.8266 36.8266 78.3405 -59.2067 32.8596 78.3405 -56.9963 32.0749 78.3405 -60 27.3062 78.3405 -57.6605 27.1398 78.3405 53.5095 33.5096 78.3405 54.7859 31.2902 78.3405 51.2903 34.7861 78.3405 46.9736 35.3208 78.3405 0 35.3208 78.3405 15.6579 35.3208 78.3405 15.6579 35.3208 82.1482 -51.2903 34.7861 78.3405 -46.9736 35.3208 78.3405 -53.5095 33.5096 78.3405 -54.7859 31.2902 78.3405 -55.3209 26.9735 78.3405 -55.3209 0 78.3405 -55.3209 13.4869 78.3405 -55.3209 13.4869 82.1482 -54.7859 -31.2902 78.3405 -55.3209 -26.9735 78.3405 -53.5095 -33.5096 78.3405 -51.2903 -34.7861 78.3405 -46.9736 -35.3208 78.3405 0 -35.3208 78.3405 -15.6579 -35.3208 78.3405 -15.6579 -35.3208 82.1482 51.2903 -34.7861 78.3405 46.9736 -35.3208 78.3405 53.5095 -33.5096 78.3405 54.7859 -31.2902 78.3405 55.3209 -26.9735 78.3405 55.3209 0 78.3405 55.3209 -13.4869 78.3405 55.3209 -13.4869 82.1482 55.3209 26.9735 78.3405 54.5653 34.9114 79.2957 54.5653 34.9114 81.1932 56.479 31.6866 81.1932 56.479 31.6866 79.2957 57.1589 26.7056 81.1932 57.1589 26.7056 79.2957 57.1589 0 81.1932 57.1589 -13.3529 81.1932 57.1589 -13.3529 79.2957 57.1589 0 79.2957 57.1589 -26.7056 79.2957 57.1589 -26.7056 81.1932 56.479 -31.6866 81.1932 56.479 -31.6866 79.2957 54.5653 -34.9114 81.1932 54.5653 -34.9114 79.2957 51.3407 -36.825 81.1932 51.3407 -36.825 79.2957 46.3597 -38.0327 81.1932 46.3597 -38.0327 79.2957 0 -38.0327 81.1932 -15.4532 -38.0327 81.1932 -15.4532 -38.0327 79.2957 0 -38.0327 79.2957 -46.3597 -38.0327 79.2957 -46.3597 -38.0327 81.1932 -51.3407 -36.825 81.1932 -51.3407 -36.825 79.2957 -54.5653 -34.9114 81.1932 -54.5653 -34.9114 79.2957 -56.479 -31.6866 81.1932 -56.479 -31.6866 79.2957 -57.1589 -26.7056 81.1932 -57.1589 -26.7056 79.2957 -57.1589 0 81.1932 -57.1589 13.3529 81.1932 -57.1589 13.3529 79.2957 -57.1589 0 79.2957 -57.1589 26.7056 79.2957 -57.1589 26.7056 81.1932 -56.479 31.6866 81.1932 -56.479 31.6866 79.2957 -54.5653 34.9114 81.1932 -54.5653 34.9114 79.2957 -51.3407 36.825 81.1932 -51.3407 36.825 79.2957 -46.3597 38.0327 81.1932 -46.3597 38.0327 79.2957 0 38.0327 81.1932 15.4532 38.0327 81.1932 15.4532 38.0327 79.2957 0 38.0327 79.2957 46.3597 38.0327 79.2957 46.3597 38.0327 81.1932 51.3407 36.825 81.1932 51.3407 36.825 79.2957 -15.7133 -37.6605 78.3405 57.6605 -13.57 78.3405 15.7133 37.6605 78.3405 -57.6605 13.57 78.3405 47.1398 -37.6605 58.8328 47.1398 -37.6605 65.3353 46.9736 -35.3208 65.3353 46.9736 -35.3208 58.8328 51.2903 -34.7861 65.3353 51.2903 -34.7861 58.8328 53.5095 -33.5096 65.3353 53.5095 -33.5096 58.8328 54.7859 -31.2902 65.3353 54.7859 -31.2902 58.8328 55.3209 -26.9735 65.3353 55.3209 -26.9735 58.8328 57.6605 -27.1398 65.3353 57.6605 -27.1398 58.8328 56.9963 -32.0749 65.3353 56.9963 -32.0749 58.8328 55.168 -35.168 65.3353 55.168 -35.168 58.8328 52.075 -36.9964 65.3353 52.075 -36.9964 58.8328 -51.2903 -34.7861 58.8328 -51.2903 -34.7861 65.3353 -46.9736 -35.3208 65.3353 -46.9736 -35.3208 58.8328 -47.1398 -37.6605 65.3353 -47.1398 -37.6605 58.8328 -52.075 -36.9964 65.3353 -52.075 -36.9964 58.8328 -55.168 -35.168 65.3353 -55.168 -35.168 58.8328 -56.9963 -32.0749 65.3353 -56.9963 -32.0749 58.8328 -57.6605 -27.1398 65.3353 -57.6605 -27.1398 58.8328 -55.3209 -26.9735 65.3353 -55.3209 -26.9735 58.8328 -54.7859 -31.2902 65.3353 -54.7859 -31.2902 58.8328 -53.5095 -33.5096 65.3353 -53.5095 -33.5096 58.8328 57.6605 27.1398 58.8328 57.6605 27.1398 65.3353 55.3209 26.9735 65.3353 55.3209 26.9735 58.8328 54.7859 31.2902 65.3353 54.7859 31.2902 58.8328 53.5095 33.5096 65.3353 53.5095 33.5096 58.8328 51.2903 34.7861 65.3353 51.2903 34.7861 58.8328 46.9736 35.3208 65.3353 46.9736 35.3208 58.8328 47.1398 37.6605 65.3353 47.1398 37.6605 58.8328 52.075 36.9964 65.3353 52.075 36.9964 58.8328 55.168 35.168 65.3353 55.168 35.168 58.8328 56.9963 32.0749 65.3353 56.9963 32.0749 58.8328 -47.1398 37.6605 58.8328 -47.1398 37.6605 65.3353 -46.9736 35.3208 65.3353 -46.9736 35.3208 58.8328 -51.2903 34.7861 65.3353 -51.2903 34.7861 58.8328 -53.5095 33.5096 65.3353 -53.5095 33.5096 58.8328 -54.7859 31.2902 65.3353 -54.7859 31.2902 58.8328 -55.3209 26.9735 65.3353 -55.3209 26.9735 58.8328 -57.6605 27.1398 65.3353 -57.6605 27.1398 58.8328 -56.9963 32.0749 65.3353 -56.9963 32.0749 58.8328 -55.168 35.168 65.3353 -55.168 35.168 58.8328 -52.075 36.9964 65.3353 -52.075 36.9964 58.8328 -47.2127 -39.5461 39.3813 -47.2127 -39.5461 81.6972 -48.7753 -39.5461 81.6972 -48.7753 -39.5461 39.3813 -48.7753 39.5461 39.3813 -48.7753 39.5461 81.6972 -47.2127 39.5461 81.6972 -47.2127 39.5461 39.3813 -47.2201 36.0031 81.4944 -47.2201 36.0031 39.5839 -47.2201 -36.0031 39.5839 -47.2201 -36.0031 81.4944 -48.7679 -36.0031 81.4944 -48.7679 -36.0031 39.5839 -48.7679 36.0031 39.5839 -48.7679 36.0031 81.4944 48.7753 -39.5461 81.6972 47.2127 -39.5461 81.6972 47.2127 -39.5461 39.3813 48.7753 -39.5461 39.3813 47.2127 39.5461 81.6972 48.7753 39.5461 81.6972 48.7753 39.5461 39.3813 47.2127 39.5461 39.3813 47.2201 36.0031 39.5839 47.2201 36.0031 81.4944 47.2201 -36.0031 81.4944 47.2201 -36.0031 39.5839 48.7679 -36.0031 39.5839 48.7679 -36.0031 81.4944 48.7679 36.0031 81.4944 48.7679 36.0031 39.5839 56.8266 36.8266 79.2957 59.2067 32.8596 79.2957 59.2067 32.8596 81.1932 56.8266 36.8266 81.1932 60 27.3062 79.2957 60 27.3062 81.1932 60 0 79.2957 60 -13.6531 79.2957 60 -13.6531 78.3405 60 0 81.1932 60 13.6531 81.1932 60 -27.3062 79.2957 59.2067 -32.8596 79.2957 59.2067 -32.8596 81.1932 60 -27.3062 81.1932 56.8266 -36.8266 79.2957 56.8266 -36.8266 81.1932 52.8597 -39.2066 79.2957 52.8597 -39.2066 81.1932 47.3061 -39.9999 79.2957 47.3061 -39.9999 81.1932 0 -39.9999 79.2957 -15.7687 -39.9999 79.2957 -15.7687 -39.9999 78.3405 0 -39.9999 81.1932 15.7687 -39.9999 81.1932 -47.3061 -39.9999 79.2957 -52.8597 -39.2066 79.2957 -52.8597 -39.2066 81.1932 -47.3061 -39.9999 81.1932 -56.8266 -36.8266 79.2957 -56.8266 -36.8266 81.1932 -59.2067 -32.8596 79.2957 -59.2067 -32.8596 81.1932 -60 -27.3062 79.2957 -60 -27.3062 81.1932 -60 0 79.2957 -60 13.6531 79.2957 -60 13.6531 78.3405 -60 0 81.1932 -60 -13.6531 81.1932 -60 27.3062 79.2957 -59.2067 32.8596 79.2957 -59.2067 32.8596 81.1932 -60 27.3062 81.1932 -56.8266 36.8266 79.2957 -56.8266 36.8266 81.1932 -52.8597 39.2066 79.2957 -52.8597 39.2066 81.1932 -47.3061 39.9999 79.2957 -47.3061 39.9999 81.1932 0 39.9999 79.2957 15.7687 39.9999 79.2957 15.7687 39.9999 78.3405 0 39.9999 81.1932 -15.7687 39.9999 81.1932 47.3061 39.9999 79.2957 52.8597 39.2066 79.2957 52.8597 39.2066 81.1932 47.3061 39.9999 81.1932 57.1589 13.3529 81.1932 15.4532 -38.0327 81.1932 -57.1589 -13.3529 81.1932 -15.4532 38.0327 81.1932 59.4038 28.5534 39.4299 59.4038 28.5534 81.51081 59.4038 27.2002 81.51081 59.4038 27.2002 39.4299 -59.4038 27.2002 39.4299 -59.4038 27.2002 81.51081 -59.4038 28.5534 81.51081 -59.4038 28.5534 39.4299 55.9877 27.2002 81.51081 55.9877 27.2002 39.4299 -55.9877 27.2002 39.4299 -55.9877 27.2002 81.51081 -55.9877 28.5534 81.51081 -55.9877 28.5534 39.4299 55.9877 28.5534 39.4299 55.9877 28.5534 81.51081 59.4038 -27.2002 81.51081 59.4038 -28.5534 81.51081 59.4038 -28.5534 39.4299 59.4038 -27.2002 39.4299 -59.4038 -28.5534 81.51081 -59.4038 -27.2002 81.51081 -59.4038 -27.2002 39.4299 -59.4038 -28.5534 39.4299 55.9877 -27.2002 39.4299 55.9877 -27.2002 81.51081 -55.9877 -27.2002 81.51081 -55.9877 -27.2002 39.4299 -55.9877 -28.5534 39.4299 -55.9877 -28.5534 81.51081 55.9877 -28.5534 81.51081 55.9877 -28.5534 39.4299 -58.694 8.4921 81.69281 -58.694 10.6327 81.69281 -58.694 10.6327 39.5439 -58.694 8.4921 39.5439 -58.694 -8.4921 39.5439 -58.694 -10.6327 39.5439 -58.694 -10.6327 81.69281 -58.694 -8.4921 81.69281 -55.6333 -8.4921 81.69281 -55.6333 -10.6327 81.69281 -55.6333 -10.6327 39.5439 -55.6333 -8.4921 39.5439 -55.6333 8.4921 39.5439 -55.6333 10.6327 39.5439 -55.6333 10.6327 81.69281 -55.6333 8.4921 81.69281 58.694 10.6327 39.5439 58.694 10.6327 81.69281 58.694 8.4921 81.69281 58.694 8.4921 39.5439 58.694 -10.6327 81.69281 58.694 -10.6327 39.5439 58.694 -8.4921 39.5439 58.694 -8.4921 81.69281 55.6333 -10.6327 39.5439 55.6333 -10.6327 81.69281 55.6333 -8.4921 81.69281 55.6333 -8.4921 39.5439 55.6333 10.6327 81.69281 55.6333 10.6327 39.5439 55.6333 8.4921 39.5439 55.6333 8.4921 81.69281 27.6171 38.9506 81.69281 29.7577 38.9506 81.69281 29.7577 38.9506 39.5439 27.6171 38.9506 39.5439 8.4921 38.9506 81.69281 10.6327 38.9506 81.69281 10.6327 38.9506 39.5439 8.4921 38.9506 39.5439 -27.6171 38.9506 39.5439 -29.7577 38.9506 39.5439 -29.7577 38.9506 81.69281 -27.6171 38.9506 81.69281 -8.4921 38.9506 39.5439 -10.6327 38.9506 39.5439 -10.6327 38.9506 81.69281 -8.4921 38.9506 81.69281 -27.6171 35.4698 81.69281 -29.7577 35.4698 81.69281 -29.7577 35.4698 39.5439 -27.6171 35.4698 39.5439 -8.4921 35.4698 81.69281 -10.6327 35.4698 81.69281 -10.6327 35.4698 39.5439 -8.4921 35.4698 39.5439 27.6171 35.4698 39.5439 29.7577 35.4698 39.5439 29.7577 35.4698 81.69281 27.6171 35.4698 81.69281 8.4921 35.4698 39.5439 10.6327 35.4698 39.5439 10.6327 35.4698 81.69281 8.4921 35.4698 81.69281 29.7577 -38.9506 39.5439 29.7577 -38.9506 81.69281 27.6171 -38.9506 81.69281 27.6171 -38.9506 39.5439 10.6327 -38.9506 39.5439 10.6327 -38.9506 81.69281 8.4921 -38.9506 81.69281 8.4921 -38.9506 39.5439 -29.7577 -38.9506 81.69281 -29.7577 -38.9506 39.5439 -27.6171 -38.9506 39.5439 -27.6171 -38.9506 81.69281 -10.6327 -38.9506 81.69281 -10.6327 -38.9506 39.5439 -8.4921 -38.9506 39.5439 -8.4921 -38.9506 81.69281 -29.7577 -35.4698 39.5439 -29.7577 -35.4698 81.69281 -27.6171 -35.4698 81.69281 -27.6171 -35.4698 39.5439 -10.6327 -35.4698 39.5439 -10.6327 -35.4698 81.69281 -8.4921 -35.4698 81.69281 -8.4921 -35.4698 39.5439 29.7577 -35.4698 81.69281 29.7577 -35.4698 39.5439 27.6171 -35.4698 39.5439 27.6171 -35.4698 81.69281 10.6327 -35.4698 81.69281 10.6327 -35.4698 39.5439 8.4921 -35.4698 39.5439 8.4921 -35.4698 81.69281 -47.791 -37.7356 71.6522 -47.791 -37.7356 70.6 47.791 -37.7356 70.6 47.791 -37.7356 71.6522 -47.791 -37.7356 61.0977 -47.791 -37.7356 60.0456 47.791 -37.7356 60.0456 47.791 -37.7356 61.0977 47.791 -37.7356 49.4913 47.791 -37.7356 50.5435 -47.791 -37.7356 50.5435 -47.791 -37.7356 49.4913 47.791 37.7356 71.6522 47.791 37.7356 70.6 -47.791 37.7356 70.6 -47.791 37.7356 71.6522 47.791 37.7356 61.0977 47.791 37.7356 60.0456 -47.791 37.7356 60.0456 -47.791 37.7356 61.0977 -47.791 37.7354 49.4913 -47.791 37.7354 50.5435 47.791 37.7354 50.5435 47.791 37.7354 49.4913 -47.791 -35.7392 71.6522 47.791 -35.7392 71.6522 47.791 35.7392 71.6522 -47.791 35.7392 71.6522 47.791 -35.7392 70.6 -47.791 -35.7392 70.6 -47.791 35.7392 70.6 47.791 35.7392 70.6 -47.791 -35.7392 61.0977 47.791 -35.7392 61.0977 47.791 35.7392 61.0977 -47.791 35.7392 61.0977 47.791 -35.7392 60.0456 -47.791 -35.7392 60.0456 -47.791 35.7392 60.0456 47.791 35.7392 60.0456 47.791 -35.7392 49.4913 -47.791 -35.7392 49.4913 -47.791 35.7392 49.4913 47.791 35.7392 49.4913 -47.791 -35.7392 50.5435 47.791 -35.7392 50.5435 47.791 35.7392 50.5435 -47.791 35.7392 50.5435 58.3603 -27.3442 61.0977 58.3603 -27.3442 60.0456 58.3603 27.3442 60.0456 58.3603 27.3442 61.0977 58.3603 27.3442 49.4913 58.3603 27.3442 50.5435 58.3603 -27.3442 50.5435 58.3603 -27.3442 49.4913 -58.3603 27.3442 61.0977 -58.3603 27.3442 60.0456 -58.3603 -27.3442 60.0456 -58.3603 -27.3442 61.0977 -58.3603 -27.3442 49.4913 -58.3603 -27.3442 50.5435 -58.3603 27.3442 50.5435 -58.3603 27.3442 49.4913 -55.7562 27.3442 61.0977 -55.7562 -27.3442 61.0977 55.7562 -27.3442 61.0977 55.7562 27.3442 61.0977 55.7562 27.3442 60.0456 55.7562 -27.3442 60.0456 -55.7562 -27.3442 60.0456 -55.7562 27.3442 60.0456 55.7562 27.3442 49.4913 55.7562 -27.3442 49.4913 -55.7562 -27.3442 49.4913 -55.7562 27.3442 49.4913 -55.7562 27.3442 50.5435 -55.7562 -27.3442 50.5435 55.7562 -27.3442 50.5435 55.7562 27.3442 50.5435 1.0702 38.9506 39.5439 -1.0702 38.9506 39.5439 -1.0702 38.9506 81.69281 1.0702 38.9506 81.69281 1.0702 35.4698 81.69281 -1.0702 35.4698 81.69281 -1.0702 35.4698 39.5439 1.0702 35.4698 39.5439 -1.0702 -38.9506 81.69281 -1.0702 -38.9506 39.5439 1.0702 -38.9506 39.5439 1.0702 -38.9506 81.69281 -1.0702 -35.4698 39.5439 -1.0702 -35.4698 81.69281 1.0702 -35.4698 81.69281 1.0702 -35.4698 39.5439 58.3603 -27.3442 70.6 58.3603 -9.9725 70.6 58.3603 -9.9725 71.6522 58.3603 -27.3442 71.6522 58.3603 27.3442 71.6522 58.3603 9.9725 71.6522 58.3603 9.9725 70.6 58.3603 27.3442 70.6 -58.3603 27.3442 70.6 -58.3603 9.9725 70.6 -58.3603 9.9725 71.6522 -58.3603 27.3442 71.6522 -58.3603 -27.3442 71.6522 -58.3603 -9.9725 71.6522 -58.3603 -9.9725 70.6 -58.3603 -27.3442 70.6 -55.7562 9.9725 71.6522 -55.7562 27.3442 71.6522 -55.7562 -27.3442 71.6522 -55.7562 -9.9725 71.6522 55.7562 -9.9725 71.6522 55.7562 -27.3442 71.6522 55.7562 27.3442 71.6522 55.7562 9.9725 71.6522 55.7562 9.9725 70.6 55.7562 27.3442 70.6 55.7562 -27.3442 70.6 55.7562 -9.9725 70.6 -55.7562 -9.9725 70.6 -55.7562 -27.3442 70.6 -55.7562 27.3442 70.6 -55.7562 9.9725 70.6 -55.7905 8.9577 73.9766 -55.7905 -8.9577 73.9766 -55.7905 -8.9577 60.7895 -55.7905 8.9577 60.7895 -56.8224 -8.9577 60.7895 -56.8224 -8.9577 73.9766 -56.8224 8.9577 73.9766 -56.8224 8.9577 60.7895 55.7905 -8.9577 60.7895 55.7905 -8.9577 73.9766 55.7905 8.9577 73.9766 55.7905 8.9577 60.7895 56.8224 8.9577 73.9766 56.8224 -8.9577 73.9766 56.8224 -8.9577 60.7895 56.8224 8.9577 60.7895 56.9033 6.6502 60.393 56.9033 5.5781 60.393 56.9033 5.5781 39.463 56.9033 6.6502 39.463 56.9033 3.593 60.393 56.9033 2.521 60.393 56.9033 2.521 39.463 56.9033 3.593 39.463 56.9033 0.5359 60.393 56.9033 -0.5359 60.393 56.9033 -0.5359 39.463 56.9033 0.5359 39.463 -56.9033 -6.6502 60.393 -56.9033 -5.5781 60.393 -56.9033 -5.5781 39.463 -56.9033 -6.6502 39.463 -56.9033 -3.593 60.393 -56.9033 -2.521 60.393 -56.9033 -2.521 39.463 -56.9033 -3.593 39.463 -56.9033 -0.5359 60.393 -56.9033 0.5359 60.393 -56.9033 0.5359 39.463 -56.9033 -0.5359 39.463 56.9033 24.9925 39.463 56.9033 24.9925 81.6805 56.9033 23.9206 81.6805 56.9033 23.9206 39.463 56.9033 21.9355 39.463 56.9033 21.9355 81.6805 56.9033 20.8635 81.6805 56.9033 20.8635 39.463 56.9033 18.8784 39.463 56.9033 18.8784 81.6805 56.9033 17.8064 81.6805 56.9033 17.8064 39.463 56.9033 11.6923 81.6805 56.9033 11.6923 39.463 56.9033 12.7642 39.463 56.9033 12.7642 81.6805 56.9033 14.7493 81.6805 56.9033 14.7493 39.463 56.9033 15.8213 39.463 56.9033 15.8213 81.6805 56.9033 -24.9925 81.6805 56.9033 -24.9925 39.463 56.9033 -23.9206 39.463 56.9033 -23.9206 81.6805 56.9033 -21.9355 81.6805 56.9033 -21.9355 39.463 56.9033 -20.8635 39.463 56.9033 -20.8635 81.6805 56.9033 -18.8784 81.6805 56.9033 -18.8784 39.463 56.9033 -17.8064 39.463 56.9033 -17.8064 81.6805 56.9033 -11.6923 39.463 56.9033 -11.6923 81.6805 56.9033 -12.7642 81.6805 56.9033 -12.7642 39.463 56.9033 -14.7493 39.463 56.9033 -14.7493 81.6805 56.9033 -15.8213 81.6805 56.9033 -15.8213 39.463 -56.9033 -24.9925 39.463 -56.9033 -24.9925 81.6805 -56.9033 -23.9206 81.6805 -56.9033 -23.9206 39.463 -56.9033 -21.9355 39.463 -56.9033 -21.9355 81.6805 -56.9033 -20.8635 81.6805 -56.9033 -20.8635 39.463 -56.9033 -18.8784 39.463 -56.9033 -18.8784 81.6805 -56.9033 -17.8064 81.6805 -56.9033 -17.8064 39.463 -56.9033 -11.6923 81.6805 -56.9033 -11.6923 39.463 -56.9033 -12.7642 39.463 -56.9033 -12.7642 81.6805 -56.9033 -14.7493 81.6805 -56.9033 -14.7493 39.463 -56.9033 -15.8213 39.463 -56.9033 -15.8213 81.6805 -56.9033 24.9925 81.6805 -56.9033 24.9925 39.463 -56.9033 23.9206 39.463 -56.9033 23.9206 81.6805 -56.9033 21.9355 81.6805 -56.9033 21.9355 39.463 -56.9033 20.8635 39.463 -56.9033 20.8635 81.6805 -56.9033 18.8784 81.6805 -56.9033 18.8784 39.463 -56.9033 17.8064 39.463 -56.9033 17.8064 81.6805 -56.9033 11.6923 39.463 -56.9033 11.6923 81.6805 -56.9033 12.7642 81.6805 -56.9033 12.7642 39.463 -56.9033 14.7493 39.463 -56.9033 14.7493 81.6805 -56.9033 15.8213 81.6805 -56.9033 15.8213 39.463 55.9658 6.6502 39.463 55.9658 6.6502 60.393 55.9658 3.593 39.463 55.9658 3.593 60.393 55.9658 0.5359 39.463 55.9658 0.5359 60.393 56.9033 -5.5781 60.393 56.9033 -5.5781 39.463 55.9658 -5.5781 39.463 55.9658 -5.5781 60.393 56.9033 -2.521 60.393 56.9033 -2.521 39.463 55.9658 -2.521 39.463 55.9658 -2.521 60.393 -55.9658 -6.6502 39.463 -55.9658 -6.6502 60.393 -55.9658 -3.593 39.463 -55.9658 -3.593 60.393 -55.9658 -0.5359 39.463 -55.9658 -0.5359 60.393 -56.9033 5.5781 60.393 -56.9033 5.5781 39.463 -55.9658 5.5781 39.463 -55.9658 5.5781 60.393 -56.9033 2.521 60.393 -56.9033 2.521 39.463 -55.9658 2.521 39.463 -55.9658 2.521 60.393 55.9658 23.9206 39.463 55.9658 23.9206 81.6805 55.9658 24.9925 81.6805 55.9658 24.9925 39.463 55.9658 20.8635 39.463 55.9658 20.8635 81.6805 55.9658 21.9355 81.6805 55.9658 21.9355 39.463 55.9658 17.8064 39.463 55.9658 17.8064 81.6805 55.9658 18.8784 81.6805 55.9658 18.8784 39.463 55.9658 12.7642 81.6805 55.9658 12.7642 39.463 55.9658 11.6923 39.463 55.9658 11.6923 81.6805 55.9658 15.8213 81.6805 55.9658 15.8213 39.463 55.9658 14.7493 39.463 55.9658 14.7493 81.6805 55.9658 -23.9206 81.6805 55.9658 -23.9206 39.463 55.9658 -24.9925 39.463 55.9658 -24.9925 81.6805 55.9658 -20.8635 81.6805 55.9658 -20.8635 39.463 55.9658 -21.9355 39.463 55.9658 -21.9355 81.6805 55.9658 -17.8064 81.6805 55.9658 -17.8064 39.463 55.9658 -18.8784 39.463 55.9658 -18.8784 81.6805 55.9658 -12.7642 39.463 55.9658 -12.7642 81.6805 55.9658 -11.6923 81.6805 55.9658 -11.6923 39.463 55.9658 -15.8213 39.463 55.9658 -15.8213 81.6805 55.9658 -14.7493 81.6805 55.9658 -14.7493 39.463 -55.9658 -23.9206 39.463 -55.9658 -23.9206 81.6805 -55.9658 -24.9925 81.6805 -55.9658 -24.9925 39.463 -55.9658 -20.8635 39.463 -55.9658 -20.8635 81.6805 -55.9658 -21.9355 81.6805 -55.9658 -21.9355 39.463 -55.9658 -17.8064 39.463 -55.9658 -17.8064 81.6805 -55.9658 -18.8784 81.6805 -55.9658 -18.8784 39.463 -55.9658 -12.7642 81.6805 -55.9658 -12.7642 39.463 -55.9658 -11.6923 39.463 -55.9658 -11.6923 81.6805 -55.9658 -15.8213 81.6805 -55.9658 -15.8213 39.463 -55.9658 -14.7493 39.463 -55.9658 -14.7493 81.6805 -55.9658 23.9206 81.6805 -55.9658 23.9206 39.463 -55.9658 24.9925 39.463 -55.9658 24.9925 81.6805 -55.9658 20.8635 81.6805 -55.9658 20.8635 39.463 -55.9658 21.9355 39.463 -55.9658 21.9355 81.6805 -55.9658 17.8064 81.6805 -55.9658 17.8064 39.463 -55.9658 18.8784 39.463 -55.9658 18.8784 81.6805 -55.9658 12.7642 39.463 -55.9658 12.7642 81.6805 -55.9658 11.6923 81.6805 -55.9658 11.6923 39.463 -55.9658 15.8213 39.463 -55.9658 15.8213 81.6805 -55.9658 14.7493 81.6805 -55.9658 14.7493 39.463 56.9033 -6.6502 60.393 56.9033 -6.6502 39.463 56.9033 -3.593 60.393 56.9033 -3.593 39.463 -56.9033 6.6502 60.393 -56.9033 6.6502 39.463 -56.9033 3.593 60.393 -56.9033 3.593 39.463 55.9658 5.5781 60.393 55.9658 5.5781 39.463 55.9658 2.521 60.393 55.9658 2.521 39.463 55.9658 -0.5359 60.393 55.9658 -0.5359 39.463 55.9658 -6.6502 60.393 55.9658 -6.6502 39.463 55.9658 -3.593 60.393 55.9658 -3.593 39.463 -55.9658 -5.5781 60.393 -55.9658 -5.5781 39.463 -55.9658 -2.521 60.393 -55.9658 -2.521 39.463 -55.9658 0.5359 60.393 -55.9658 0.5359 39.463 -55.9658 6.6502 60.393 -55.9658 6.6502 39.463 -55.9658 3.593 60.393 -55.9658 3.593 39.463 43.9781 -37.3518 39.463 45.0501 -37.3518 39.463 45.0501 -37.3518 81.6805 43.9781 -37.3518 81.6805 40.7985 -37.3518 39.463 41.8705 -37.3518 39.463 41.8705 -37.3518 81.6805 40.7985 -37.3518 81.6805 37.6191 -37.3518 39.463 38.6909 -37.3518 39.463 38.6909 -37.3518 81.6805 37.6191 -37.3518 81.6805 32.3317 -37.3518 81.6805 31.2599 -37.3518 81.6805 31.2599 -37.3518 39.463 32.3317 -37.3518 39.463 35.5113 -37.3518 81.6805 34.4395 -37.3518 81.6805 34.4395 -37.3518 39.463 35.5113 -37.3518 39.463 43.9781 37.3518 81.6805 45.0501 37.3518 81.6805 45.0501 37.3518 39.463 43.9781 37.3518 39.463 40.7985 37.3518 81.6805 41.8705 37.3518 81.6805 41.8705 37.3518 39.463 40.7985 37.3518 39.463 37.6191 37.3518 81.6805 38.6909 37.3518 81.6805 38.6909 37.3518 39.463 37.6191 37.3518 39.463 32.3317 37.3518 39.463 31.2599 37.3518 39.463 31.2599 37.3518 81.6805 32.3317 37.3518 81.6805 35.5113 37.3518 39.463 34.4395 37.3518 39.463 34.4395 37.3518 81.6805 35.5113 37.3518 81.6805 45.0501 -36.1384 39.463 45.0501 -36.1384 81.6805 43.9781 -36.1384 81.6805 43.9781 -36.1384 39.463 41.8705 -36.1384 39.463 41.8705 -36.1384 81.6805 40.7985 -36.1384 81.6805 40.7985 -36.1384 39.463 38.6909 -36.1384 39.463 38.6909 -36.1384 81.6805 37.6191 -36.1384 81.6805 37.6191 -36.1384 39.463 31.2599 -36.1384 81.6805 31.2599 -36.1384 39.463 32.3317 -36.1384 39.463 32.3317 -36.1384 81.6805 34.4395 -36.1384 81.6805 34.4395 -36.1384 39.463 35.5113 -36.1384 39.463 35.5113 -36.1384 81.6805 45.0501 36.1384 81.6805 45.0501 36.1384 39.463 43.9781 36.1384 39.463 43.9781 36.1384 81.6805 41.8705 36.1384 81.6805 41.8705 36.1384 39.463 40.7985 36.1384 39.463 40.7985 36.1384 81.6805 38.6909 36.1384 81.6805 38.6909 36.1384 39.463 37.6191 36.1384 39.463 37.6191 36.1384 81.6805 31.2599 36.1384 39.463 31.2599 36.1384 81.6805 32.3317 36.1384 81.6805 32.3317 36.1384 39.463 34.4395 36.1384 39.463 34.4395 36.1384 81.6805 35.5113 36.1384 81.6805 35.5113 36.1384 39.463 24.9521 -37.3518 39.463 26.0241 -37.3518 39.463 26.0241 -37.3518 81.6805 24.9521 -37.3518 81.6805 21.7725 -37.3518 39.463 22.8445 -37.3518 39.463 22.8445 -37.3518 81.6805 21.7725 -37.3518 81.6805 18.5929 -37.3518 39.463 19.6649 -37.3518 39.463 19.6649 -37.3518 81.6805 18.5929 -37.3518 81.6805 13.3057 -37.3518 81.6805 12.2337 -37.3518 81.6805 12.2337 -37.3518 39.463 13.3057 -37.3518 39.463 16.4853 -37.3518 81.6805 15.4133 -37.3518 81.6805 15.4133 -37.3518 39.463 16.4853 -37.3518 39.463 24.9521 37.3518 81.6805 26.0241 37.3518 81.6805 26.0241 37.3518 39.463 24.9521 37.3518 39.463 21.7725 37.3518 81.6805 22.8445 37.3518 81.6805 22.8445 37.3518 39.463 21.7725 37.3518 39.463 18.5929 37.3518 81.6805 19.6649 37.3518 81.6805 19.6649 37.3518 39.463 18.5929 37.3518 39.463 13.3057 37.3518 39.463 12.2337 37.3518 39.463 12.2337 37.3518 81.6805 13.3057 37.3518 81.6805 16.4853 37.3518 39.463 15.4133 37.3518 39.463 15.4133 37.3518 81.6805 16.4853 37.3518 81.6805 26.0241 -36.1384 39.463 26.0241 -36.1384 81.6805 24.9521 -36.1384 81.6805 24.9521 -36.1384 39.463 22.8445 -36.1384 39.463 22.8445 -36.1384 81.6805 21.7725 -36.1384 81.6805 21.7725 -36.1384 39.463 19.6649 -36.1384 39.463 19.6649 -36.1384 81.6805 18.5929 -36.1384 81.6805 18.5929 -36.1384 39.463 12.2337 -36.1384 81.6805 12.2337 -36.1384 39.463 13.3057 -36.1384 39.463 13.3057 -36.1384 81.6805 15.4133 -36.1384 81.6805 15.4133 -36.1384 39.463 16.4853 -36.1384 39.463 16.4853 -36.1384 81.6805 26.0241 36.1384 81.6805 26.0241 36.1384 39.463 24.9521 36.1384 39.463 24.9521 36.1384 81.6805 22.8445 36.1384 81.6805 22.8445 36.1384 39.463 21.7725 36.1384 39.463 21.7725 36.1384 81.6805 19.6649 36.1384 81.6805 19.6649 36.1384 39.463 18.5929 36.1384 39.463 18.5929 36.1384 81.6805 12.2337 36.1384 39.463 12.2337 36.1384 81.6805 13.3057 36.1384 81.6805 13.3057 36.1384 39.463 15.4133 36.1384 39.463 15.4133 36.1384 81.6805 16.4853 36.1384 81.6805 16.4853 36.1384 39.463 3.8099 -37.3518 81.6805 2.7379 -37.3518 81.6805 2.7379 -37.3518 39.463 3.8099 -37.3518 39.463 6.9893 -37.3518 81.6805 5.9175 -37.3518 81.6805 5.9175 -37.3518 39.463 6.9893 -37.3518 39.463 3.8099 37.3518 39.463 2.7379 37.3518 39.463 2.7379 37.3518 81.6805 3.8099 37.3518 81.6805 6.9893 37.3518 39.463 5.9175 37.3518 39.463 5.9175 37.3518 81.6805 6.9893 37.3518 81.6805 2.7379 -36.1384 81.6805 2.7379 -36.1384 39.463 3.8099 -36.1384 39.463 3.8099 -36.1384 81.6805 5.9175 -36.1384 81.6805 5.9175 -36.1384 39.463 6.9893 -36.1384 39.463 6.9893 -36.1384 81.6805 2.7379 36.1384 39.463 2.7379 36.1384 81.6805 3.8099 36.1384 81.6805 3.8099 36.1384 39.463 5.9175 36.1384 39.463 5.9175 36.1384 81.6805 6.9893 36.1384 81.6805 6.9893 36.1384 39.463 -45.0501 -37.3518 81.6805 -45.0501 -37.3518 39.463 -43.9781 -37.3518 39.463 -43.9781 -37.3518 81.6805 -41.8705 -37.3518 81.6805 -41.8705 -37.3518 39.463 -40.7985 -37.3518 39.463 -40.7985 -37.3518 81.6805 -38.6909 -37.3518 81.6805 -38.6909 -37.3518 39.463 -37.6191 -37.3518 39.463 -37.6191 -37.3518 81.6805 -31.2599 -37.3518 39.463 -31.2599 -37.3518 81.6805 -32.3317 -37.3518 81.6805 -32.3317 -37.3518 39.463 -34.4395 -37.3518 39.463 -34.4395 -37.3518 81.6805 -35.5113 -37.3518 81.6805 -35.5113 -37.3518 39.463 -45.0501 37.3518 39.463 -45.0501 37.3518 81.6805 -43.9781 37.3518 81.6805 -43.9781 37.3518 39.463 -41.8705 37.3518 39.463 -41.8705 37.3518 81.6805 -40.7985 37.3518 81.6805 -40.7985 37.3518 39.463 -38.6909 37.3518 39.463 -38.6909 37.3518 81.6805 -37.6191 37.3518 81.6805 -37.6191 37.3518 39.463 -31.2599 37.3518 81.6805 -31.2599 37.3518 39.463 -32.3317 37.3518 39.463 -32.3317 37.3518 81.6805 -34.4395 37.3518 81.6805 -34.4395 37.3518 39.463 -35.5113 37.3518 39.463 -35.5113 37.3518 81.6805 -45.0501 -36.1384 39.463 -45.0501 -36.1384 81.6805 -43.9781 -36.1384 81.6805 -43.9781 -36.1384 39.463 -41.8705 -36.1384 39.463 -41.8705 -36.1384 81.6805 -40.7985 -36.1384 81.6805 -40.7985 -36.1384 39.463 -38.6909 -36.1384 39.463 -38.6909 -36.1384 81.6805 -37.6191 -36.1384 81.6805 -37.6191 -36.1384 39.463 -31.2599 -36.1384 81.6805 -31.2599 -36.1384 39.463 -32.3317 -36.1384 39.463 -32.3317 -36.1384 81.6805 -34.4395 -36.1384 81.6805 -34.4395 -36.1384 39.463 -35.5113 -36.1384 39.463 -35.5113 -36.1384 81.6805 -45.0501 36.1384 81.6805 -45.0501 36.1384 39.463 -43.9781 36.1384 39.463 -43.9781 36.1384 81.6805 -41.8705 36.1384 81.6805 -41.8705 36.1384 39.463 -40.7985 36.1384 39.463 -40.7985 36.1384 81.6805 -38.6909 36.1384 81.6805 -38.6909 36.1384 39.463 -37.6191 36.1384 39.463 -37.6191 36.1384 81.6805 -31.2599 36.1384 39.463 -31.2599 36.1384 81.6805 -32.3317 36.1384 81.6805 -32.3317 36.1384 39.463 -34.4395 36.1384 39.463 -34.4395 36.1384 81.6805 -35.5113 36.1384 81.6805 -35.5113 36.1384 39.463 -26.0241 -37.3518 81.6805 -26.0241 -37.3518 39.463 -24.9521 -37.3518 39.463 -24.9521 -37.3518 81.6805 -22.8445 -37.3518 81.6805 -22.8445 -37.3518 39.463 -21.7725 -37.3518 39.463 -21.7725 -37.3518 81.6805 -19.6649 -37.3518 81.6805 -19.6649 -37.3518 39.463 -18.5929 -37.3518 39.463 -18.5929 -37.3518 81.6805 -12.2337 -37.3518 39.463 -12.2337 -37.3518 81.6805 -13.3057 -37.3518 81.6805 -13.3057 -37.3518 39.463 -15.4133 -37.3518 39.463 -15.4133 -37.3518 81.6805 -16.4853 -37.3518 81.6805 -16.4853 -37.3518 39.463 -26.0241 37.3518 39.463 -26.0241 37.3518 81.6805 -24.9521 37.3518 81.6805 -24.9521 37.3518 39.463 -22.8445 37.3518 39.463 -22.8445 37.3518 81.6805 -21.7725 37.3518 81.6805 -21.7725 37.3518 39.463 -19.6649 37.3518 39.463 -19.6649 37.3518 81.6805 -18.5929 37.3518 81.6805 -18.5929 37.3518 39.463 -12.2337 37.3518 81.6805 -12.2337 37.3518 39.463 -13.3057 37.3518 39.463 -13.3057 37.3518 81.6805 -15.4133 37.3518 81.6805 -15.4133 37.3518 39.463 -16.4853 37.3518 39.463 -16.4853 37.3518 81.6805 -26.0241 -36.1384 39.463 -26.0241 -36.1384 81.6805 -24.9521 -36.1384 81.6805 -24.9521 -36.1384 39.463 -22.8445 -36.1384 39.463 -22.8445 -36.1384 81.6805 -21.7725 -36.1384 81.6805 -21.7725 -36.1384 39.463 -19.6649 -36.1384 39.463 -19.6649 -36.1384 81.6805 -18.5929 -36.1384 81.6805 -18.5929 -36.1384 39.463 -12.2337 -36.1384 81.6805 -12.2337 -36.1384 39.463 -13.3057 -36.1384 39.463 -13.3057 -36.1384 81.6805 -15.4133 -36.1384 81.6805 -15.4133 -36.1384 39.463 -16.4853 -36.1384 39.463 -16.4853 -36.1384 81.6805 -26.0241 36.1384 81.6805 -26.0241 36.1384 39.463 -24.9521 36.1384 39.463 -24.9521 36.1384 81.6805 -22.8445 36.1384 81.6805 -22.8445 36.1384 39.463 -21.7725 36.1384 39.463 -21.7725 36.1384 81.6805 -19.6649 36.1384 81.6805 -19.6649 36.1384 39.463 -18.5929 36.1384 39.463 -18.5929 36.1384 81.6805 -12.2337 36.1384 39.463 -12.2337 36.1384 81.6805 -13.3057 36.1384 81.6805 -13.3057 36.1384 39.463 -15.4133 36.1384 39.463 -15.4133 36.1384 81.6805 -16.4853 36.1384 81.6805 -16.4853 36.1384 39.463 -2.7379 -37.3518 39.463 -2.7379 -37.3518 81.6805 -3.8099 -37.3518 81.6805 -3.8099 -37.3518 39.463 -5.9175 -37.3518 39.463 -5.9175 -37.3518 81.6805 -6.9893 -37.3518 81.6805 -6.9893 -37.3518 39.463 -2.7379 37.3518 81.6805 -2.7379 37.3518 39.463 -3.8099 37.3518 39.463 -3.8099 37.3518 81.6805 -5.9175 37.3518 81.6805 -5.9175 37.3518 39.463 -6.9893 37.3518 39.463 -6.9893 37.3518 81.6805 -2.7379 -36.1384 81.6805 -2.7379 -36.1384 39.463 -3.8099 -36.1384 39.463 -3.8099 -36.1384 81.6805 -5.9175 -36.1384 81.6805 -5.9175 -36.1384 39.463 -6.9893 -36.1384 39.463 -6.9893 -36.1384 81.6805 -2.7379 36.1384 39.463 -2.7379 36.1384 81.6805 -3.8099 36.1384 81.6805 -3.8099 36.1384 39.463 -5.9175 36.1384 39.463 -5.9175 36.1384 81.6805 -6.9893 36.1384 81.6805 -6.9893 36.1384 39.463 60 -13.6531 82.1482 -60 13.6531 82.1482 -55.3209 -13.4869 78.3405 55.3209 13.4869 78.3405 57.1589 13.3529 79.2957 -57.1589 -13.3529 79.2957 60 13.6531 79.2957 60 -13.6531 81.1932 -60 -13.6531 79.2957 -60 13.6531 81.1932 -31.5374 -39.9999 82.1482 -31.3157 -35.3208 82.1482 -15.7687 -39.9999 82.1482 31.5374 -39.9999 82.1482 31.3157 -35.3208 82.1482 31.5374 39.9999 82.1482 31.3157 35.3208 82.1482 15.7687 39.9999 82.1482 -31.5374 39.9999 82.1482 -31.3157 35.3208 82.1482 -31.5374 -39.9999 78.3405 -31.4266 -37.6605 78.3405 31.5374 -39.9999 78.3405 31.4266 -37.6605 78.3405 31.5374 39.9999 78.3405 31.4266 37.6605 78.3405 -31.5374 39.9999 78.3405 -31.4266 37.6605 78.3405 -31.3157 35.3208 78.3405 -15.6579 35.3208 78.3405 31.3157 35.3208 78.3405 31.3157 -35.3208 78.3405 15.6579 -35.3208 78.3405 -31.3157 -35.3208 78.3405 30.9065 -38.0327 81.1932 30.9065 -38.0327 79.2957 15.4532 -38.0327 79.2957 -30.9065 -38.0327 79.2957 -30.9065 -38.0327 81.1932 -30.9065 38.0327 81.1932 -30.9065 38.0327 79.2957 -15.4532 38.0327 79.2957 30.9065 38.0327 79.2957 30.9065 38.0327 81.1932 31.5374 -39.9999 79.2957 15.7687 -39.9999 79.2957 -31.5374 -39.9999 79.2957 -31.5374 -39.9999 81.1932 -15.7687 -39.9999 81.1932 31.5374 -39.9999 81.1932 -31.5374 39.9999 79.2957 -15.7687 39.9999 79.2957 31.5374 39.9999 79.2957 31.5374 39.9999 81.1932 15.7687 39.9999 81.1932 -31.5374 39.9999 81.1932 47.1398 -37.6605 39.3249 47.1398 -37.6605 45.8274 46.9736 -35.3208 45.8274 46.9736 -35.3208 39.3249 47.1398 -37.6605 52.33 46.9736 -35.3208 52.33 46.9736 -35.3208 77.2568 46.9736 -35.3208 71.8379 47.1398 -37.6605 71.8379 47.1398 -37.6605 77.2568 51.2903 -34.7861 45.8274 51.2903 -34.7861 39.3249 51.2903 -34.7861 52.33 51.2903 -34.7861 77.2568 51.2903 -34.7861 71.8379 53.5095 -33.5096 45.8274 53.5095 -33.5096 39.3249 53.5095 -33.5096 52.33 53.5095 -33.5096 77.2568 53.5095 -33.5096 71.8379 54.7859 -31.2902 45.8274 54.7859 -31.2902 39.3249 54.7859 -31.2902 52.33 54.7859 -31.2902 77.2568 54.7859 -31.2902 71.8379 55.3209 -26.9735 45.8274 55.3209 -26.9735 39.3249 55.3209 -26.9735 52.33 55.3209 -26.9735 77.2568 55.3209 -26.9735 71.8379 57.6605 -27.1398 45.8274 57.6605 -27.1398 39.3249 57.6605 -27.1398 52.33 57.6605 -27.1398 77.2568 57.6605 -27.1398 71.8379 56.9963 -32.0749 45.8274 56.9963 -32.0749 39.3249 56.9963 -32.0749 52.33 56.9963 -32.0749 77.2568 56.9963 -32.0749 71.8379 55.168 -35.168 45.8274 55.168 -35.168 39.3249 55.168 -35.168 52.33 55.168 -35.168 77.2568 55.168 -35.168 71.8379 52.075 -36.9964 45.8274 52.075 -36.9964 39.3249 52.075 -36.9964 52.33 52.075 -36.9964 77.2568 52.075 -36.9964 71.8379 -51.2903 -34.7861 39.3249 -51.2903 -34.7861 45.8274 -46.9736 -35.3208 45.8274 -46.9736 -35.3208 39.3249 -51.2903 -34.7861 52.33 -46.9736 -35.3208 52.33 -46.9736 -35.3208 77.2568 -46.9736 -35.3208 71.8379 -51.2903 -34.7861 71.8379 -51.2903 -34.7861 77.2568 -47.1398 -37.6605 45.8274 -47.1398 -37.6605 39.3249 -47.1398 -37.6605 52.33 -47.1398 -37.6605 77.2568 -47.1398 -37.6605 71.8379 -52.075 -36.9964 45.8274 -52.075 -36.9964 39.3249 -52.075 -36.9964 52.33 -52.075 -36.9964 77.2568 -52.075 -36.9964 71.8379 -55.168 -35.168 45.8274 -55.168 -35.168 39.3249 -55.168 -35.168 52.33 -55.168 -35.168 77.2568 -55.168 -35.168 71.8379 -56.9963 -32.0749 45.8274 -56.9963 -32.0749 39.3249 -56.9963 -32.0749 52.33 -56.9963 -32.0749 77.2568 -56.9963 -32.0749 71.8379 -57.6605 -27.1398 45.8274 -57.6605 -27.1398 39.3249 -57.6605 -27.1398 52.33 -57.6605 -27.1398 77.2568 -57.6605 -27.1398 71.8379 -55.3209 -26.9735 45.8274 -55.3209 -26.9735 39.3249 -55.3209 -26.9735 52.33 -55.3209 -26.9735 77.2568 -55.3209 -26.9735 71.8379 -54.7859 -31.2902 45.8274 -54.7859 -31.2902 39.3249 -54.7859 -31.2902 52.33 -54.7859 -31.2902 77.2568 -54.7859 -31.2902 71.8379 -53.5095 -33.5096 45.8274 -53.5095 -33.5096 39.3249 -53.5095 -33.5096 52.33 -53.5095 -33.5096 77.2568 -53.5095 -33.5096 71.8379 57.6605 27.1398 39.3249 57.6605 27.1398 45.8274 55.3209 26.9735 45.8274 55.3209 26.9735 39.3249 57.6605 27.1398 52.33 55.3209 26.9735 52.33 55.3209 26.9735 77.2568 55.3209 26.9735 71.8379 57.6605 27.1398 71.8379 57.6605 27.1398 77.2568 54.7859 31.2902 45.8274 54.7859 31.2902 39.3249 54.7859 31.2902 52.33 54.7859 31.2902 77.2568 54.7859 31.2902 71.8379 53.5095 33.5096 45.8274 53.5095 33.5096 39.3249 53.5095 33.5096 52.33 53.5095 33.5096 77.2568 53.5095 33.5096 71.8379 51.2903 34.7861 45.8274 51.2903 34.7861 39.3249 51.2903 34.7861 52.33 51.2903 34.7861 77.2568 51.2903 34.7861 71.8379 46.9736 35.3208 45.8274 46.9736 35.3208 39.3249 46.9736 35.3208 52.33 46.9736 35.3208 77.2568 46.9736 35.3208 71.8379 47.1398 37.6605 45.8274 47.1398 37.6605 39.3249 47.1398 37.6605 52.33 47.1398 37.6605 77.2568 47.1398 37.6605 71.8379 52.075 36.9964 45.8274 52.075 36.9964 39.3249 52.075 36.9964 52.33 52.075 36.9964 77.2568 52.075 36.9964 71.8379 55.168 35.168 45.8274 55.168 35.168 39.3249 55.168 35.168 52.33 55.168 35.168 77.2568 55.168 35.168 71.8379 56.9963 32.0749 45.8274 56.9963 32.0749 39.3249 56.9963 32.0749 52.33 56.9963 32.0749 77.2568 56.9963 32.0749 71.8379 -47.1398 37.6605 39.3249 -47.1398 37.6605 45.8274 -46.9736 35.3208 45.8274 -46.9736 35.3208 39.3249 -47.1398 37.6605 52.33 -46.9736 35.3208 52.33 -46.9736 35.3208 77.2568 -46.9736 35.3208 71.8379 -47.1398 37.6605 71.8379 -47.1398 37.6605 77.2568 -51.2903 34.7861 45.8274 -51.2903 34.7861 39.3249 -51.2903 34.7861 52.33 -51.2903 34.7861 77.2568 -51.2903 34.7861 71.8379 -53.5095 33.5096 45.8274 -53.5095 33.5096 39.3249 -53.5095 33.5096 52.33 -53.5095 33.5096 77.2568 -53.5095 33.5096 71.8379 -54.7859 31.2902 45.8274 -54.7859 31.2902 39.3249 -54.7859 31.2902 52.33 -54.7859 31.2902 77.2568 -54.7859 31.2902 71.8379 -55.3209 26.9735 45.8274 -55.3209 26.9735 39.3249 -55.3209 26.9735 52.33 -55.3209 26.9735 77.2568 -55.3209 26.9735 71.8379 -57.6605 27.1398 45.8274 -57.6605 27.1398 39.3249 -57.6605 27.1398 52.33 -57.6605 27.1398 77.2568 -57.6605 27.1398 71.8379 -56.9963 32.0749 45.8274 -56.9963 32.0749 39.3249 -56.9963 32.0749 52.33 -56.9963 32.0749 77.2568 -56.9963 32.0749 71.8379 -55.168 35.168 45.8274 -55.168 35.168 39.3249 -55.168 35.168 52.33 -55.168 35.168 77.2568 -55.168 35.168 71.8379 -52.075 36.9964 45.8274 -52.075 36.9964 39.3249 -52.075 36.9964 52.33 -52.075 36.9964 77.2568 -52.075 36.9964 71.8379</float_array>
          <technique_common>
            <accessor source="#_4029_Plastic_Fruit_Crate_v1_L1-mesh-positions-array" count="1592" stride="3">
              <param name="X" type="float"/>
              <param name="Y" type="float"/>
              <param name="Z" type="float"/>
            </accessor>
          </technique_common>
        </source>
        <source id="_4029_Plastic_Fruit_Crate_v1_L1-mesh-normals">
          <float_array id="_4029_Plastic_Fruit_Crate_v1_L1-mesh-normals-array" count="2373">-0.07088196 -0.9974848 0 0.07088249 -0.9974847 0 -0.07088071 -0.9974848 0 0.9974845 -0.07088524 0 0.9974845 0.07088506 0 0.9974847 -0.07088369 0 0.07088196 0.9974848 0 -0.07088249 0.9974847 0 0.07088071 0.9974848 0 -0.9974847 0.07088321 0 -0.9974847 -0.07088309 0 -0.9974845 -0.07088553 0 0.07088094 -0.9974849 0 0.3345664 -0.9423722 0 -0.3345659 -0.9423725 0 0.9974847 0.07088357 0 0.9423702 0.3345721 0 -0.07088094 0.9974849 0 -0.3345664 0.9423722 0 0.3345566 -0.9423757 0 0.7071086 -0.7071049 0 0.7071001 -0.7071135 0 0.9423737 -0.3345622 0 0.9423702 -0.334572 0 -0.3345568 -0.9423756 0 -0.7071089 -0.7071048 0 -0.7071006 -0.707113 0 -0.9423736 -0.3345624 0 -0.9423702 -0.3345721 0 0.9423736 0.3345624 0 0.7071006 0.707113 0 0.7071089 0.7071048 0 0.3345568 0.9423756 0 0.3345659 0.9423725 0 -0.3345566 0.9423757 0 -0.7071086 0.7071049 0 -0.7071001 0.7071135 0 -0.9423737 0.3345622 0 -0.9423702 0.334572 0 0 0 1 0 0 -1 0 0 1 -1.99762e-7 0 1 -3.77105e-7 0 1 0 0 1 3.38325e-7 0 1 1.87566e-7 0 1 -5.40133e-7 0 1 7.20179e-7 0 1 5.40133e-7 0 1 -3.21161e-7 0 1 0 0 1 4.84466e-7 0 1 0 0 1 1.77127e-7 0 1 4.28214e-7 0 1 -4.84466e-7 0 1 -1.77127e-7 0 1 -4.28214e-7 0 1 -7.20179e-7 0 1 3.21161e-7 0 1 0 0 1 0 0 1 0 0 1 3.42992e-7 0 1 -8.12398e-7 0 1 -4.5325e-7 0 1 -3.42992e-7 0 1 8.12398e-7 0 1 4.5325e-7 0 1 0 0 1 -1.36221e-6 0 1 -1.86146e-7 0 1 2.72226e-6 0 1 1.53111e-7 0 1 -1.10285e-6 0 1 -3.4069e-7 0 1 -1.63743e-6 0 1 0 0 1 1.36221e-6 0 1 1.86146e-7 0 1 5.40797e-7 0 1 0 0 1 1.18308e-6 0 1 2.85654e-7 0 1 2.06107e-7 0 1 -6.03125e-7 0 1 9.61943e-7 0 1 6.67695e-7 0 1 -5.91539e-7 0 1 3.4069e-7 0 1 1.10285e-6 0 1 1.63743e-6 0 1 5.91539e-7 0 1 -9.61943e-7 0 1 -6.67695e-7 0 1 -2.72226e-6 0 1 -1.53111e-7 0 1 -5.40797e-7 0 1 0 0 1 -1.18308e-6 0 1 -2.85654e-7 0 1 -2.06107e-7 0 1 6.03125e-7 0 1 0 0 -1 2.39077e-6 0 -1 3.53264e-6 0 -1 0 0 -1 -2.39077e-6 0 -1 -3.53264e-6 0 -1 -4.71189e-7 0 -1 -1.583e-7 0 -1 4.71189e-7 0 -1 1.583e-7 0 -1 4.47829e-7 0 -1 -2.05041e-6 0 -1 -1.08413e-6 0 -1 0 0 -1 4.71189e-7 0 -1 1.03769e-6 0 -1 1.44946e-6 0 -1 -3.3641e-6 0 -1 -3.45579e-6 0 -1 -1.03769e-6 0 -1 0 0 -1 -1.44946e-6 0 -1 2.05041e-6 0 -1 1.08413e-6 0 -1 1.03769e-6 0 -1 -4.71189e-7 0 -1 -4.47829e-7 0 -1 -1.03769e-6 0 -1 3.3641e-6 0 -1 3.45579e-6 0 -1 -0.7071353 -0.7070783 0 -0.9484098 -0.3170471 0 -0.7071303 -0.7070834 0 -0.3170502 -0.9484089 0 -0.3170421 -0.9484115 0 -0.08209329 -0.9966247 0 -0.06158095 -0.9981022 0 0 -1 0 0.3170432 -0.9484111 0 0.06158387 -0.998102 0 0.3170485 -0.9484094 0 0.70713 -0.7070837 0 0.7071325 -0.7070811 0 0.9484097 -0.3170475 0 0.9484115 -0.3170421 0 0.996621 -0.08213776 0 0.9981001 -0.06161504 0 1 0 0 0.9484118 0.317041 0 0.9980998 0.06161779 0 0.9484098 0.3170471 0 0.7071353 0.7070783 0 0.7071303 0.7070834 0 0.3170502 0.9484089 0 0.3170421 0.9484115 0 0.08209329 0.9966247 0 0.06158095 0.9981022 0 0 1 0 -0.3170432 0.9484111 0 -0.06158387 0.998102 0 -0.3170485 0.9484094 0 -0.70713 0.7070837 0 -0.7071325 0.7070811 0 -0.9484097 0.3170475 0 -0.9484115 0.3170421 0 -0.996621 0.08213776 0 -0.9981001 0.06161504 0 -1 0 0 -0.9484118 -0.317041 0 -0.9980998 -0.06161779 0 0.7071063 0.7071074 0 0.9442081 0.3293498 0 0.7071114 0.7071022 0 0.9442053 0.3293576 0 0.9977005 0.06777638 0 0.9977005 -0.06777662 0 0.944205 -0.3293584 0 0.9977005 -0.06777864 0 0.944208 -0.3293498 0 0.7071052 -0.7071084 0 0.7071115 -0.707102 0 0.3771566 -0.9261496 0 0.3771629 -0.9261469 0 0.1186519 -0.992936 0 -0.1186519 -0.992936 0 -0.3771612 -0.9261476 0 -0.1186553 -0.9929355 0 -0.3771559 -0.9261499 0 -0.7071114 -0.7071022 0 -0.7071063 -0.7071074 0 -0.9442081 -0.3293498 0 -0.9442053 -0.3293576 0 -0.9977005 -0.06777638 0 -0.9977005 0.06777662 0 -0.944205 0.3293584 0 -0.9977005 0.06777864 0 -0.944208 0.3293498 0 -0.7071052 0.7071084 0 -0.7071115 0.707102 0 -0.3771566 0.9261496 0 -0.3771629 0.9261469 0 -0.1186519 0.992936 0 0.1186519 0.992936 0 0.3771612 0.9261476 0 0.1186553 0.9929355 0 0.3771559 0.9261499 0 1.94375e-6 0 -1 -1.94375e-6 0 -1 -0.9974866 -0.07085555 0 -0.9974867 -0.07085525 0 -0.9974867 -0.07085525 0 -0.1229287 0.9924156 0 -0.3170442 0.9484108 0 -0.1229288 0.9924156 0 -0.3170443 0.9484108 0 -0.7071323 0.7070813 0 -0.7071324 0.7070811 0 -0.9484113 0.3170427 0 -0.9484114 0.3170427 0 -0.9924072 0.1229965 0 0.07090145 0.9974834 0 0.07090163 0.9974833 0 0.07090169 0.9974833 0 0.9910644 -0.1333845 0 0.944801 -0.327645 0 0.9910644 -0.1333843 0 0.9448007 -0.3276458 0 0.7071202 -0.7070935 0 0.7071196 -0.7070941 0 0.3276526 -0.9447983 0 0.3276522 -0.9447985 0 0.1333621 -0.9910675 0 0.317044 0.9484109 0 0.1229289 0.9924156 0 0.3170443 0.9484108 0 0.9974865 -0.07085841 0 0.9974865 -0.07085835 0 0.9974865 -0.07085835 0 -0.133362 -0.9910675 0 -0.3276526 -0.9447983 0 -0.1333621 -0.9910675 0 -0.7071202 -0.7070934 0 -0.7071204 -0.7070931 0 -0.944801 -0.3276451 0 -0.9448009 -0.327645 0 -0.9910644 -0.1333844 0 -0.07090157 0.9974833 0 -0.07090157 0.9974833 0 -0.07090151 0.9974833 0 0.9924072 0.1229962 0 0.9484114 0.3170424 0 0.992407 0.1229972 0 0.9484112 0.317043 0 0.7071328 0.7070809 0 0.7071318 0.7070818 0 0.07090157 -0.9974833 0 0.07090157 -0.9974833 0 0.07090151 -0.9974833 0 -0.9924072 -0.1229962 0 -0.9484114 -0.3170424 0 -0.992407 -0.1229972 0 -0.9484112 -0.317043 0 -0.7071328 -0.7070809 0 -0.7071318 -0.7070818 0 -0.3170443 -0.9484108 0 -0.317044 -0.9484109 0 -0.1229289 -0.9924156 0 -0.9974865 0.07085841 0 -0.9974865 0.07085835 0 -0.9974865 0.07085835 0 0.133362 0.9910675 0 0.3276526 0.9447983 0 0.1333621 0.9910675 0 0.7071202 0.7070934 0 0.7071204 0.7070931 0 0.944801 0.3276451 0 0.9448009 0.327645 0 0.9910644 0.1333844 0 0.9974866 0.07085555 0 0.9974867 0.07085525 0 0.9974867 0.07085525 0 0.1229287 -0.9924156 0 0.3170442 -0.9484108 0 0.1229288 -0.9924156 0 0.3170443 -0.9484108 0 0.7071323 -0.7070813 0 0.7071324 -0.7070811 0 0.9484113 -0.3170427 0 0.9484114 -0.3170427 0 0.9924072 -0.1229965 0 -0.07090145 -0.9974834 0 -0.07090163 -0.9974833 0 -0.07090169 -0.9974833 0 -0.9910644 0.1333845 0 -0.944801 0.327645 0 -0.9910644 0.1333843 0 -0.9448007 0.3276458 0 -0.7071202 0.7070935 0 -0.7071196 0.7070941 0 -0.3276526 0.9447983 0 -0.3276522 0.9447985 0 -0.1333621 0.9910675 0 0.9999979 -0.002087652 0 0.9999979 -0.002088785 0 0.9999978 -0.002087593 0 0.9999979 0.002088069 0 0.9999979 0.00208795 0 0.9999978 0.002087891 0 -0.9999979 0.002090752 0 -0.9999979 0.002088844 0 -0.9999978 0.002090871 0 -0.9999979 -0.002088129 0 -0.9999979 -0.002089381 0 -0.9999978 -0.00208944 0 -0.9999979 -0.002087652 0 -0.9999979 -0.002088785 0 -0.9999979 -0.002088844 0 -0.9999979 0.002087652 0 -0.9999979 0.002088785 0 -0.9999978 0.002087593 0 0.9999979 0.002090752 0 0.9999979 0.002088844 0 0.9999979 0.002088725 0 0.9999979 -0.002090752 0 0.9999979 -0.002088844 0 0.9999978 -0.002090871 0 0.7071009 0.7071127 0 0.9423735 0.3345629 0 0.7071053 0.7071083 0 0.9423734 0.334563 0 0.7070992 0.7071144 0 0.9423722 0.3345664 0 0.9423722 0.3345664 0 0.9974846 0.0708844 0 0.9974845 0.07088488 0 0.9974845 0.07088607 0 0.9974846 -0.0708844 0 0.942371 -0.3345698 0 0.9974845 -0.07088559 0 0.9423708 -0.3345703 0 0.9974846 -0.07088428 0 0.9423722 -0.3345662 0 0.9423726 -0.3345654 0 0.7071028 -0.7071108 0 0.7071031 -0.7071105 0 0.7071078 -0.7071059 0 0.7071079 -0.7071058 0 0.3345584 -0.942375 0 0.3345584 -0.9423751 0 0.3345615 -0.9423739 0 0.3345621 -0.9423738 0 0.07088154 -0.9974848 0 0.07088136 -0.9974848 0 0.07088226 -0.9974848 0 -0.07088154 -0.9974848 0 -0.3345621 -0.9423738 0 -0.07088255 -0.9974848 0 -0.3345633 -0.9423734 0 -0.07088249 -0.9974848 0 -0.3345592 -0.9423748 0 -0.3345584 -0.942375 0 -0.7071053 -0.7071083 0 -0.7071037 -0.7071099 0 -0.7070992 -0.7071144 0 -0.7071009 -0.7071127 0 -0.9423735 -0.3345629 0 -0.9423734 -0.334563 0 -0.9423722 -0.3345664 0 -0.9423722 -0.3345664 0 -0.9974846 -0.0708844 0 -0.9974845 -0.07088488 0 -0.9974845 -0.07088607 0 -0.9974846 0.0708844 0 -0.942371 0.3345698 0 -0.9974845 0.07088559 0 -0.9423708 0.3345703 0 -0.9974846 0.07088428 0 -0.9423722 0.3345662 0 -0.9423726 0.3345654 0 -0.7071028 0.7071108 0 -0.7071031 0.7071105 0 -0.7071078 0.7071059 0 -0.7071079 0.7071058 0 -0.3345584 0.942375 0 -0.3345584 0.9423751 0 -0.3345615 0.9423739 0 -0.3345621 0.9423738 0 -0.07088154 0.9974848 0 -0.07088136 0.9974848 0 -0.07088226 0.9974848 0 0.07088154 0.9974848 0 0.3345621 0.9423738 0 0.07088255 0.9974848 0 0.3345633 0.9423734 0 0.07088249 0.9974848 0 0.3345592 0.9423748 0 0.3345584 0.942375 0 0.7071037 0.7071099 0 -2.11466e-6 0 1 -2.8827e-6 0 1 2.25572e-6 0 1 -2.0652e-6 0 1 2.11466e-6 0 1 2.8827e-6 0 1 -2.25572e-6 0 1 2.0652e-6 0 1 9.49014e-7 0 -1 -4.62211e-6 0 -1 -2.11466e-6 0 -1 -2.78913e-6 0 -1 -9.49014e-7 0 -1 4.62211e-6 0 -1 2.11466e-6 0 -1 2.78913e-6 0 -1 -9.52392e-7 0 1 -4.39892e-7 0 1 9.52392e-7 0 1 4.39892e-7 0 1 3.71824e-6 0 -1 -1.54063e-6 0 -1 -3.71824e-6 0 -1 1.54063e-6 0 -1 0.9966213 0.08213549 0 -0.9966213 -0.08213549 0 0.9977005 0.06777817 0 -0.9977005 -0.06777817 0 2.41731e-7 0 -1 1.12258e-6 0 -1 -3.22534e-6 0 -1 -2.41731e-7 0 -1 -1.12258e-6 0 -1 3.22534e-6 0 -1 0.9974845 0.07088559 0 0.9974845 -0.0708853 0 -0.9974845 -0.07088559 0 -0.9974845 0.0708853 0 2.11166e-6 0 1 -2.11166e-6 0 1 -1.70944e-6 0 -1 1.70944e-6 0 -1 -4.47829e-7 0 -1 4.47829e-7 0 -1 0.08209019 -0.996625 0 -0.08209019 0.996625 0 0.1186553 -0.9929355 0 -0.1186553 0.9929355 0 0.07088255 -0.9974848 0 -0.07088369 -0.9974846 0 -0.07088255 0.9974848 0 0.07088369 0.9974846 0 -0.9974866 -0.07085543 0 -0.9974866 -0.07085537 0 -0.9974867 -0.07085448 0 -0.9974864 -0.07085937 0 -0.9974866 -0.07085675 0 -0.9974863 -0.07085984 0 -0.9974864 -0.07085871 0 -0.9974865 -0.07085824 0 -0.9974865 -0.07085853 0 -0.9974866 -0.07085686 0 -0.9974865 -0.07085722 0 -0.1229287 0.9924155 0 -0.3170465 0.9484101 0 -0.1229287 0.9924156 0 -0.1229288 0.9924155 0 -0.3170446 0.9484107 0 -0.3170441 0.9484108 0 -0.3170429 0.9484113 0 -0.1229283 0.9924156 0 -0.3170474 0.9484097 0 -0.1229289 0.9924155 0 -0.7071371 0.7070766 0 -0.7071328 0.7070808 0 -0.7071324 0.7070813 0 -0.7071314 0.7070823 0 -0.7071321 0.7070816 0 -0.948412 0.3170408 0 -0.9484114 0.3170423 0 -0.9484112 0.3170428 0 -0.9484112 0.3170433 0 -0.9924072 0.1229965 0 -0.9924071 0.1229968 0 -0.9924072 0.1229962 0 -0.9924072 0.1229957 0 -0.992407 0.1229972 0 0.07090157 0.9974833 0 0.07090169 0.9974834 0 0.07090175 0.9974833 0 0.07090157 0.9974833 0 0.07090151 0.9974833 0 0.07090157 0.9974834 0 0.07090127 0.9974834 0 0.07090181 0.9974833 0 0.07090145 0.9974834 0 0.9910644 -0.1333844 0 0.9448013 -0.3276441 0 0.9910643 -0.1333846 0 0.9910645 -0.1333841 0 0.9448009 -0.3276455 0 0.9448011 -0.3276447 0 0.9448014 -0.3276439 0 0.9910643 -0.1333849 0 0.9447991 -0.3276501 0 0.9910644 -0.1333844 0 0.7071184 -0.7070952 0 0.7071199 -0.7070937 0 0.7071204 -0.7070931 0 0.7071222 -0.7070914 0 0.7071167 -0.7070969 0 0.3276533 -0.9447981 0 0.3276525 -0.9447983 0 0.3276527 -0.9447983 0 0.3276543 -0.9447977 0 0.3276512 -0.9447988 0 0.1333621 -0.9910674 0 0.1333621 -0.9910675 0 0.1333621 -0.9910674 0 0.1333622 -0.9910674 0 0.1333628 -0.9910673 0 0.133362 -0.9910675 0 0.3170447 0.9484106 0 0.1229288 0.9924155 0 0.3170425 0.9484114 0 0.3170446 0.9484106 0 0.1229289 0.9924155 0 0.1229287 0.9924155 0 0.1229287 0.9924155 0 0.3170431 0.9484112 0 0.1229296 0.9924155 0 0.1229287 0.9924156 0 0.3170455 0.9484103 0 0.9974865 -0.07085835 0 0.9974865 -0.07085758 0 0.9974865 -0.07085847 0 0.9974867 -0.0708552 0 0.9974865 -0.07085698 0 0.9974867 -0.07085472 0 0.9974866 -0.07085585 0 0.9974865 -0.07085704 0 0.9974866 -0.07085615 0 0.9974865 -0.0708571 0 0.9974865 -0.0708574 0 -0.1333621 -0.9910675 0 -0.3276518 -0.9447986 0 -0.1333621 -0.9910674 0 -0.1333621 -0.9910675 0 -0.3276527 -0.9447982 0 -0.3276522 -0.9447985 0 -0.3276517 -0.9447987 0 -0.1333615 -0.9910675 0 -0.3276559 -0.9447972 0 -0.7071213 -0.7070922 0 -0.7071206 -0.707093 0 -0.7071196 -0.707094 0 -0.7071189 -0.7070947 0 -0.7071228 -0.7070907 0 -0.9448004 -0.3276464 0 -0.944801 -0.3276447 0 -0.9448008 -0.3276454 0 -0.9448004 -0.3276464 0 -0.9448019 -0.3276423 0 -0.9910644 -0.1333845 0 -0.9910644 -0.1333844 0 -0.9910645 -0.1333842 0 -0.9910644 -0.1333844 0 -0.9910645 -0.1333836 0 -0.9910644 -0.1333845 0 -0.07090163 0.9974833 0 -0.07090145 0.9974834 0 -0.07090157 0.9974833 0 -0.07090169 0.9974833 0 -0.07090157 0.9974834 0 -0.07090127 0.9974834 0 -0.07090181 0.9974833 0 -0.07090157 0.9974833 0 0.9924072 0.1229961 0 0.9484106 0.3170449 0 0.992407 0.1229978 0 0.9924072 0.1229961 0 0.9484112 0.3170431 0 0.9484112 0.3170428 0 0.9484117 0.3170413 0 0.9924072 0.1229965 0 0.9484102 0.3170462 0 0.992407 0.1229973 0 0.7071268 0.7070868 0 0.7071319 0.7070817 0 0.7071325 0.707081 0 0.7071335 0.7070801 0 0.7071315 0.7070822 0 0.07090163 -0.9974833 0 0.07090145 -0.9974834 0 0.07090157 -0.9974833 0 0.07090169 -0.9974833 0 0.07090157 -0.9974834 0 0.07090127 -0.9974834 0 0.07090181 -0.9974833 0 0.07090157 -0.9974833 0 -0.9924072 -0.1229961 0 -0.9484106 -0.3170449 0 -0.992407 -0.1229978 0 -0.9924072 -0.1229961 0 -0.9484112 -0.3170431 0 -0.9484112 -0.3170428 0 -0.9484117 -0.3170413 0 -0.9924072 -0.1229965 0 -0.9484102 -0.3170462 0 -0.992407 -0.1229973 0 -0.7071268 -0.7070868 0 -0.7071319 -0.7070817 0 -0.7071325 -0.707081 0 -0.7071335 -0.7070801 0 -0.7071315 -0.7070822 0 -0.3170425 -0.9484114 0 -0.3170448 -0.9484106 0 -0.3170446 -0.9484106 0 -0.3170455 -0.9484103 0 -0.3170431 -0.9484112 0 -0.1229288 -0.9924155 0 -0.1229289 -0.9924155 0 -0.1229287 -0.9924155 0 -0.1229287 -0.9924155 0 -0.1229296 -0.9924155 0 -0.1229287 -0.9924156 0 -0.9974865 0.07085835 0 -0.9974865 0.07085758 0 -0.9974865 0.07085847 0 -0.9974867 0.0708552 0 -0.9974865 0.07085698 0 -0.9974867 0.07085472 0 -0.9974866 0.07085585 0 -0.9974865 0.07085704 0 -0.9974866 0.07085615 0 -0.9974865 0.0708571 0 -0.9974865 0.0708574 0 0.1333621 0.9910675 0 0.3276518 0.9447986 0 0.1333621 0.9910674 0 0.1333621 0.9910675 0 0.3276527 0.9447982 0 0.3276522 0.9447985 0 0.3276517 0.9447987 0 0.1333615 0.9910675 0 0.3276559 0.9447972 0 0.7071213 0.7070922 0 0.7071206 0.707093 0 0.7071196 0.707094 0 0.7071189 0.7070947 0 0.7071228 0.7070907 0 0.9448004 0.3276464 0 0.944801 0.3276447 0 0.9448008 0.3276454 0 0.9448004 0.3276464 0 0.9448019 0.3276423 0 0.9910644 0.1333845 0 0.9910644 0.1333844 0 0.9910645 0.1333842 0 0.9910644 0.1333844 0 0.9910645 0.1333836 0 0.9910644 0.1333845 0 0.9974866 0.07085543 0 0.9974866 0.07085537 0 0.9974867 0.07085448 0 0.9974864 0.07085937 0 0.9974866 0.07085675 0 0.9974863 0.07085984 0 0.9974864 0.07085871 0 0.9974865 0.07085824 0 0.9974865 0.07085853 0 0.9974866 0.07085686 0 0.9974865 0.07085722 0 0.1229287 -0.9924155 0 0.3170465 -0.9484101 0 0.1229287 -0.9924156 0 0.1229288 -0.9924155 0 0.3170446 -0.9484107 0 0.3170441 -0.9484108 0 0.3170429 -0.9484113 0 0.1229283 -0.9924156 0 0.3170474 -0.9484097 0 0.1229289 -0.9924155 0 0.7071371 -0.7070766 0 0.7071328 -0.7070808 0 0.7071324 -0.7070813 0 0.7071314 -0.7070823 0 0.7071321 -0.7070816 0 0.948412 -0.3170408 0 0.9484114 -0.3170423 0 0.9484112 -0.3170428 0 0.9484112 -0.3170433 0 0.9924072 -0.1229965 0 0.9924071 -0.1229968 0 0.9924072 -0.1229962 0 0.9924072 -0.1229957 0 0.992407 -0.1229972 0 -0.07090157 -0.9974833 0 -0.07090169 -0.9974834 0 -0.07090175 -0.9974833 0 -0.07090157 -0.9974833 0 -0.07090151 -0.9974833 0 -0.07090157 -0.9974834 0 -0.07090127 -0.9974834 0 -0.07090181 -0.9974833 0 -0.07090145 -0.9974834 0 -0.9910644 0.1333844 0 -0.9448013 0.3276441 0 -0.9910643 0.1333846 0 -0.9910645 0.1333841 0 -0.9448009 0.3276455 0 -0.9448011 0.3276447 0 -0.9448014 0.3276439 0 -0.9910643 0.1333849 0 -0.9447991 0.3276501 0 -0.9910644 0.1333844 0 -0.7071184 0.7070952 0 -0.7071199 0.7070937 0 -0.7071204 0.7070931 0 -0.7071222 0.7070914 0 -0.7071167 0.7070969 0 -0.3276533 0.9447981 0 -0.3276525 0.9447983 0 -0.3276527 0.9447983 0 -0.3276543 0.9447977 0 -0.3276512 0.9447988 0 -0.1333621 0.9910674 0 -0.1333621 0.9910675 0 -0.1333621 0.9910674 0 -0.1333622 0.9910674 0 -0.1333628 0.9910673 0 -0.133362 0.9910675 0 -0.9974865 -0.0708577 0 -0.9974865 -0.0708571 0 0.07090127 0.9974834 0 0.07090234 0.9974833 0 0.9910643 -0.1333848 0 0.9448015 -0.3276435 0 0.7071242 -0.7070894 0 0.3276615 -0.9447953 0 0.1333637 -0.9910672 0 0.9974865 -0.0708577 0 0.9974865 -0.0708571 0 -0.1333613 -0.9910675 0 -0.3276498 -0.9447993 0 -0.7071169 -0.7070967 0 -0.9447996 -0.3276491 0 -0.9910648 -0.1333822 0 -0.07090127 0.9974834 0 -0.07090234 0.9974833 0 0.07090127 -0.9974834 0 0.07090234 -0.9974833 0 -0.9974865 0.0708577 0 -0.9974865 0.0708571 0 0.1333613 0.9910675 0 0.3276498 0.9447993 0 0.7071169 0.7070967 0 0.9447996 0.3276491 0 0.9910648 0.1333822 0 0.9974865 0.0708577 0 0.9974865 0.0708571 0 -0.07090127 -0.9974834 0 -0.07090234 -0.9974833 0 -0.9910643 0.1333848 0 -0.9448015 0.3276435 0 -0.7071242 0.7070894 0 -0.3276615 0.9447953 0 -0.1333637 0.9910672 0 -0.9974845 0.07088577 0 7.24765e-7 0 1 -7.24765e-7 0 1 1.44955e-6 0 1 -7.24772e-7 0 1 7.24772e-7 0 1 -1.44955e-6 0 1 0.9999979 -0.002088844 0 0.9999979 0.002088069 0 -0.9999979 0.002088725 0 -0.9999979 -0.002088069 0 -0.9999978 -0.002087593 0 -0.9999979 0.002088844 0 0.9999978 0.002090871 0 0.9999979 -0.002088725 0 -3.34365e-6 0 1 -6.29394e-6 0 1 3.34365e-6 0 1 6.29394e-6 0 1 -2.55691e-6 0 -1 2.55691e-6 0 -1</float_array>
          <technique_common>
            <accessor source="#_4029_Plastic_Fruit_Crate_v1_L1-mesh-normals-array" count="791" stride="3">
              <param name="X" type="float"/>
              <param name="Y" type="float"/>
              <param name="Z" type="float"/>
            </accessor>
          </technique_common>
        </source>
        <source id="_4029_Plastic_Fruit_Crate_v1_L1-mesh-map-0">
          <float_array id="_4029_Plastic_Fruit_Crate_v1_L1-mesh-map-0-array" count="13200">0.04579997 0.4293 0.2597 0.4352 0.04619997 0.4352 0.2943 0.4635 0.2883 0.5871 0.2883 0.4639 0.2601 0.6218 0.04619997 0.6158 0.2597 0.6158 0.01749998 0.5871 0.0115 0.4635 0.01749998 0.4639 0.2601 0.4293 0.2722 0.437 0.2597 0.4352 0.04619997 0.4352 0.03169995 0.4315 0.04579997 0.4293 0.2943 0.5876 0.2865 0.5997 0.2883 0.5871 0.04579997 0.6218 0.03359997 0.614 0.04619997 0.6158 0.2742 0.4315 0.2812 0.4424 0.2722 0.437 0.2853 0.4383 0.2865 0.4514 0.2812 0.4424 0.2921 0.4494 0.2883 0.4639 0.2865 0.4514 0.03359997 0.437 0.02059996 0.4383 0.03169995 0.4315 0.02469998 0.4424 0.01379996 0.4494 0.02059996 0.4383 0.01929998 0.4514 0.0115 0.4635 0.01379996 0.4494 0.2921 0.6016 0.2812 0.6086 0.2865 0.5997 0.2853 0.6127 0.2722 0.614 0.2812 0.6086 0.2742 0.6195 0.2597 0.6158 0.2722 0.614 0.03169995 0.6195 0.02469998 0.6086 0.03359997 0.614 0.02059996 0.6127 0.01929998 0.5997 0.02469998 0.6086 0.01379996 0.6016 0.01749998 0.5871 0.01929998 0.5997 0.2597 0.4352 0.04689997 0.4458 0.04619997 0.4352 0.01749998 0.2774 0.2865 0.2648 0.2883 0.2774 0.2883 0.5871 0.2778 0.4646 0.2883 0.4639 0.04619997 0.6158 0.2589 0.6052 0.2597 0.6158 0.02809995 0.5864 0.01749998 0.4639 0.02809995 0.4648 0.2597 0.4352 0.2687 0.447 0.2589 0.4458 0.03719997 0.447 0.04619997 0.4352 0.04689997 0.4458 0.2883 0.5871 0.2766 0.5961 0.2778 0.5864 0.04619997 0.6158 0.03719997 0.604 0.04689997 0.6052 0.2722 0.437 0.2737 0.4499 0.2687 0.447 0.2737 0.4499 0.2865 0.4514 0.2766 0.4549 0.2766 0.4549 0.2883 0.4639 0.2778 0.4646 0.03219997 0.4499 0.03359997 0.437 0.03719997 0.447 0.01929998 0.4514 0.03219997 0.4499 0.02929997 0.4549 0.01749998 0.4639 0.02929997 0.4549 0.02809995 0.4648 0.2865 0.5997 0.2737 0.6011 0.2766 0.5961 0.2737 0.6011 0.2722 0.614 0.2687 0.604 0.2687 0.604 0.2597 0.6158 0.2589 0.6052 0.03359997 0.614 0.03219997 0.6011 0.03719997 0.604 0.03219997 0.6011 0.01929998 0.5997 0.02929997 0.5961 0.02929997 0.5961 0.01749998 0.5871 0.02809995 0.5864 0.2778 0.5864 0.02809995 0.4648 0.2778 0.4646 0.4734 0.06489998 0.4381 0.05439996 0.4737 0.05439996 0.5629 0.1751 0.5735 0.1446 0.5735 0.1754 0.4027 0.2243 0.4381 0.2348999 0.4025 0.2348999 0.3133 0.1139 0.3027 0.1446 0.3027 0.1138 0.5448 0.05439996 0.5538 0.0661 0.5441 0.06489998 0.3223 0.0661 0.3313 0.05439996 0.3321 0.06489998 0.5735 0.2062 0.5617 0.2152 0.5629 0.2055 0.3313 0.2348999 0.3223 0.2231 0.3321 0.2243 0.5574 0.05619996 0.5588 0.069 0.5538 0.0661 0.5588 0.069 0.5717 0.07059997 0.5617 0.074 0.5617 0.074 0.5735 0.083 0.5629 0.08379995 0.3173 0.069 0.3188 0.05619996 0.3223 0.0661 0.3045 0.07059997 0.3173 0.069 0.3145 0.074 0.3027 0.083 0.3145 0.074 0.3133 0.08340001 0.5717 0.2188 0.5588 0.2202 0.5617 0.2152 0.5588 0.2202 0.5574 0.2330999 0.5538 0.2231 0.5538 0.2231 0.5448 0.2348999 0.5441 0.2243 0.3188 0.2330999 0.3173 0.2202 0.3223 0.2231 0.3173 0.2202 0.3045 0.2188 0.3145 0.2152 0.3145 0.2152 0.3027 0.2062 0.3132 0.2055 0.1875 0.2291 0.1521 0.2343 0.1521 0.2291 0.2875 0.1441 0.2822 0.1134 0.2875 0.1133 0.1166 0.05909997 0.1521 0.05379998 0.1521 0.05909997 0.01669996 0.1441 0.02199995 0.1748 0.01669996 0.1748999 0.2588 0.2343 0.2696 0.2276 0.2714 0.2325 0.04529994 0.2343 0.03459995 0.2276 0.04569995 0.2291 0.2875 0.08249998 0.2807 0.07169997 0.2857 0.06989997 0.04529994 0.05379998 0.03459995 0.06059998 0.03279995 0.05559998 0.2714 0.2325 0.2766 0.2233999 0.2803 0.2272 0.2857 0.2181 0.2766 0.2233999 0.2807 0.2164 0.2875 0.2057 0.2807 0.2164 0.2822 0.2053 0.03279995 0.2325 0.02759999 0.2233999 0.03459995 0.2276 0.01849997 0.2181 0.02759999 0.2233999 0.02389997 0.2272 0.01669996 0.2057 0.02349996 0.2164 0.01849997 0.2181 0.2857 0.06989997 0.2766 0.0647 0.2803 0.06099998 0.2714 0.05559998 0.2766 0.0647 0.2696 0.06059998 0.2588 0.05379998 0.2696 0.06059998 0.2585 0.05909997 0.03279995 0.05559998 0.02759999 0.0647 0.02389997 0.06099998 0.01849997 0.06989997 0.02759999 0.0647 0.02349996 0.07169997 0.01669996 0.08249998 0.02349996 0.07169997 0.02199995 0.08279997 0.4391 0.04479998 0.4334 0.03339999 0.4391 0.03339999 0.4449 0.04479998 0.4391 0.03339999 0.4449 0.03339999 0.4547 0.04479998 0.4449 0.03339999 0.4547 0.03339999 0.5254 0.04479998 0.5607 0.03339999 0.5607 0.04479998 0.5842 0.06519997 0.5956 0.05539995 0.5956 0.06519997 0.5842 0.07099997 0.5956 0.06519997 0.5956 0.07099997 0.5842 0.07679998 0.5956 0.07099997 0.5956 0.07679998 0.5842 0.0866 0.5956 0.07679998 0.5956 0.0866 0.5842 0.1172 0.5956 0.1479 0.5842 0.1479 0.03729999 0.04479998 0.02739995 0.03339999 0.03729999 0.03339999 0.04299998 0.04479998 0.03729999 0.03339999 0.04299998 0.03339999 0.04879999 0.04479998 0.04299998 0.03339999 0.04879999 0.03339999 0.05859994 0.04479998 0.04879999 0.03339999 0.05859994 0.03339999 0.1292999 0.04479998 0.1646 0.03339999 0.1646 0.04479998 0.2804 0.04479998 0.2706 0.03339999 0.2804 0.03339999 0.2862 0.04479998 0.2804 0.03339999 0.2862 0.03339999 0.292 0.04479998 0.2862 0.03339999 0.292 0.03339999 0.3018 0.04479998 0.292 0.03339999 0.3018 0.03339999 0.3322 0.04479998 0.3627 0.03339999 0.3627 0.04479998 0.4334 0.04479998 0.4235 0.03339999 0.4334 0.03339999 0.4639 0.01999998 0.4535 0.01429998 0.4639 0.01429998 0.4535 0.01999998 0.4408 0.01429998 0.4535 0.01429998 0.3484 0.01999998 0.3792 0.01429998 0.3792 0.01999998 0.3176 0.01999998 0.3049 0.01429998 0.3176 0.01429998 0.3049 0.01999998 0.2945 0.01429998 0.3049 0.01429998 0.2945 0.01999998 0.284 0.01429998 0.2945 0.01429998 0.284 0.01999998 0.2713 0.01429998 0.284 0.01429998 0.1291 0.01999998 0.1646 0.01429998 0.1646 0.01999998 0.05789995 0.01999998 0.04519999 0.01429998 0.05789995 0.01429998 0.04519999 0.01999998 0.03479999 0.01429998 0.04519999 0.01429998 0.03479999 0.01999998 0.02429997 0.01429998 0.03479999 0.01429998 0.02429997 0.01999998 0.01169997 0.01429998 0.02429997 0.01429998 0.7775 0.01999998 0.8083 0.01429998 0.8083 0.01999998 0.7467 0.01999998 0.734 0.01429998 0.7467 0.01429998 0.734 0.01999998 0.7236 0.01429998 0.734 0.01429998 0.7236 0.01999998 0.7132 0.01429998 0.7236 0.01429998 0.7132 0.01999998 0.7004 0.01429998 0.7132 0.01429998 0.5582 0.01999998 0.5937 0.01429998 0.5937 0.01999998 0.487 0.01999998 0.4743 0.01429998 0.487 0.01429998 0.4743 0.01999998 0.4639 0.01429998 0.4743 0.01429998 0.1521 0.2291 0.1168 0.2238 0.1521 0.2238 0.2769 0.1745 0.2822 0.1441 0.2822 0.1747 0.1521 0.05909997 0.1874 0.06439995 0.1521 0.06439995 0.0273 0.1138 0.02199995 0.1442 0.02199995 0.1134999 0.1717 0.1360999 0.177 0.1556 0.1717 0.1556 0.177 0.1360999 0.1868 0.1556 0.177 0.1556 0.1868 0.1360999 0.1926 0.1556 0.1868 0.1556 0.1926 0.1360999 0.1983 0.1556 0.1926 0.1556 0.1983 0.1360999 0.2082 0.1556 0.1983 0.1556 0.2082 0.1360999 0.2134 0.1556 0.2082 0.1556 0.133 0.1360999 0.1442 0.1556 0.133 0.1556 0.1442 0.1360999 0.1523 0.1556 0.1442 0.1556 0.1523 0.1360999 0.1604 0.1556 0.1523 0.1556 0.1604 0.1360999 0.1717 0.1556 0.1604 0.1556 0.1021 0.1360999 0.1119 0.1556 0.1021 0.1556 0.1119 0.1360999 0.1172 0.1556 0.1119 0.1556 0.03669995 0.1360999 0.04799997 0.1556 0.03669995 0.1556 0.04799997 0.1360999 0.05609995 0.1556 0.04799997 0.1556 0.05609995 0.1360999 0.06419998 0.1556 0.05609995 0.1556 0.06419998 0.1360999 0.07539999 0.1556 0.06419998 0.1556 0.07539999 0.1360999 0.08069998 0.1554999 0.07539999 0.1556 0.08069998 0.136 0.09049999 0.1556 0.08069998 0.1554999 0.09049999 0.1360999 0.0963 0.1556 0.09049999 0.1556 0.0963 0.1360999 0.1021 0.1556 0.0963 0.1556 0.3631 0.1394 0.3683 0.1589 0.3631 0.1589 0.3683 0.1394 0.3782 0.1589 0.3683 0.1589 0.3782 0.1394 0.3839 0.1589 0.3782 0.1589 0.3839 0.1394 0.3897 0.1589 0.3839 0.1589 0.3897 0.1394 0.3995 0.1589 0.3897 0.1589 0.3995 0.1394 0.4048 0.1589 0.3995 0.1589 0.3244 0.1394 0.3356 0.1589 0.3244 0.1589 0.3356 0.1394 0.3437 0.1589 0.3356 0.1589 0.3437 0.1394 0.3518 0.1589 0.3437 0.1589 0.3518 0.1394 0.3631 0.1589 0.3518 0.1589 0.4655 0.1394 0.4708 0.1589 0.4655 0.1589 0.4708 0.1394 0.4806 0.1589 0.4708 0.1589 0.4806 0.1394 0.4864 0.1589 0.4806 0.1589 0.4864 0.1394 0.4922 0.1589 0.4864 0.1589 0.4922 0.1394 0.502 0.1589 0.4922 0.1589 0.502 0.1394 0.5073 0.1589 0.502 0.1589 0.4268 0.1394 0.438 0.1589 0.4268 0.1589 0.438 0.1394 0.4462 0.1589 0.438 0.1589 0.4462 0.1394 0.4543 0.1589 0.4462 0.1589 0.4543 0.1394 0.4655 0.1589 0.4543 0.1589 0.4007 0.4691 0.3947 0.2516 0.4007 0.2516 0.323 0.4684 0.3169 0.2509 0.323 0.2509 0.3032 0.4674 0.3169 0.2509 0.3169 0.4684 0.4007 0.2516 0.4145 0.4681 0.4007 0.4691 0.381 0.4681 0.3947 0.2516 0.3947 0.4691 0.323 0.2509 0.3367 0.4674 0.323 0.4684 0.3601 0.4691 0.3541 0.2516 0.3541 0.4691 0.4436 0.4684 0.4376 0.2509 0.4376 0.4684 0.4238 0.4674 0.4376 0.2509 0.4238 0.2519 0.3738 0.4681 0.3601 0.2516 0.3601 0.4691 0.3404 0.4681 0.3541 0.2516 0.3404 0.2526 0.4573 0.4674 0.4436 0.2509 0.4436 0.4684 0.4639 0.01429998 0.4535 0.01139998 0.4639 0.01139998 0.4535 0.01999998 0.4639 0.02279996 0.4535 0.02279996 0.4535 0.01429998 0.4408 0.01139998 0.4535 0.01139998 0.4408 0.01999998 0.4535 0.02279996 0.4408 0.02279996 0.3484 0.01429998 0.3792 0.01139998 0.3792 0.01429998 0.41 0.01999998 0.3792 0.02279996 0.3792 0.01999998 0.3176 0.01429998 0.3049 0.01139998 0.3176 0.01139998 0.3049 0.01999998 0.3176 0.02279996 0.3049 0.02279996 0.3049 0.01429998 0.2945 0.01139998 0.3049 0.01139998 0.2945 0.01999998 0.3049 0.02279996 0.2945 0.02279996 0.2945 0.01429998 0.284 0.01139998 0.2945 0.01139998 0.284 0.01999998 0.2945 0.02279996 0.284 0.02279996 0.284 0.01429998 0.2714 0.01139998 0.284 0.01139998 0.2714 0.01999998 0.284 0.02279996 0.2714 0.02279996 0.129 0.01429998 0.1646 0.01139998 0.1646 0.01429998 0.2002 0.01999998 0.1646 0.02279996 0.1646 0.01999998 0.05789995 0.01429998 0.04519999 0.01139998 0.05789995 0.01139998 0.04519999 0.01999998 0.05789995 0.02279996 0.04519999 0.02279996 0.04519999 0.01429998 0.03479999 0.01139998 0.04519999 0.01139998 0.03479999 0.01999998 0.04519999 0.02279996 0.03479999 0.02279996 0.03479999 0.01429998 0.02429997 0.01139998 0.03479999 0.01139998 0.02429997 0.01999998 0.03479999 0.02279996 0.02429997 0.02279996 0.02429997 0.01429998 0.01169997 0.01139998 0.02429997 0.01139998 0.01169997 0.01999998 0.02429997 0.02279996 0.01169997 0.02279996 0.7775 0.01429998 0.8083 0.01139998 0.8083 0.01429998 0.8391 0.01999998 0.8083 0.02279996 0.8083 0.01999998 0.7467 0.01429998 0.734 0.01139998 0.7467 0.01139998 0.734 0.01999998 0.7467 0.02279996 0.734 0.02279996 0.734 0.01429998 0.7236 0.01139998 0.734 0.01139998 0.7236 0.01999998 0.734 0.02279996 0.7236 0.02279996 0.7236 0.01429998 0.7132 0.01139998 0.7236 0.01139998 0.7132 0.01999998 0.7236 0.02279996 0.7132 0.02279996 0.7132 0.01429998 0.7005 0.01139998 0.7132 0.01139998 0.7005 0.01999998 0.7132 0.02279996 0.7005 0.02279996 0.5582 0.01429998 0.5937 0.01139998 0.5937 0.01429998 0.6293 0.01999998 0.5937 0.02279996 0.5937 0.01999998 0.487 0.01429998 0.4743 0.01139998 0.487 0.01139998 0.4743 0.01999998 0.487 0.02279996 0.4743 0.02279996 0.4743 0.01429998 0.4639 0.01139998 0.4743 0.01139998 0.4639 0.01999998 0.4743 0.02279996 0.4639 0.02279996 0.4535 0.01429998 0.4639 0.01429998 0.4535 0.01429998 0.4743 0.01429998 0.4639 0.01429998 0.4639 0.01429998 0.487 0.01429998 0.4743 0.01429998 0.4743 0.01429998 0.5937 0.01429998 0.5582 0.01429998 0.5582 0.01429998 0.7005 0.01429998 0.7132 0.01429998 0.7004 0.01429998 0.7132 0.01429998 0.7236 0.01429998 0.7132 0.01429998 0.734 0.01429998 0.7236 0.01429998 0.7236 0.01429998 0.7467 0.01429998 0.734 0.01429998 0.734 0.01429998 0.8083 0.01429998 0.7775 0.01429998 0.7775 0.01429998 0.01169997 0.01429998 0.02429997 0.01429998 0.01169997 0.01429998 0.02429997 0.01429998 0.03479999 0.01429998 0.02429997 0.01429998 0.04519999 0.01429998 0.03479999 0.01429998 0.03479999 0.01429998 0.05789995 0.01429998 0.04519999 0.01429998 0.04519999 0.01429998 0.1646 0.01429998 0.1291 0.01429998 0.129 0.01429998 0.2714 0.01429998 0.284 0.01429998 0.2713 0.01429998 0.284 0.01429998 0.2945 0.01429998 0.284 0.01429998 0.3049 0.01429998 0.2945 0.01429998 0.2945 0.01429998 0.3176 0.01429998 0.3049 0.01429998 0.3049 0.01429998 0.3792 0.01429998 0.3484 0.01429998 0.3484 0.01429998 0.4408 0.01429998 0.4535 0.01429998 0.4408 0.01429998 0.4535 0.01999998 0.4639 0.01999998 0.4639 0.01999998 0.4408 0.01999998 0.4535 0.01999998 0.4535 0.01999998 0.3792 0.01999998 0.41 0.01999998 0.41 0.01999998 0.3176 0.01999998 0.3049 0.01999998 0.3176 0.01999998 0.3049 0.01999998 0.2945 0.01999998 0.3049 0.01999998 0.284 0.01999998 0.2945 0.01999998 0.2945 0.01999998 0.2714 0.01999998 0.284 0.01999998 0.284 0.01999998 0.1646 0.01999998 0.2002 0.01999998 0.2002 0.01999998 0.05789995 0.01999998 0.04519999 0.01999998 0.05789995 0.01999998 0.04519999 0.01999998 0.03479999 0.01999998 0.04519999 0.01999998 0.02429997 0.01999998 0.03479999 0.01999998 0.03479999 0.01999998 0.01169997 0.01999998 0.02429997 0.01999998 0.02429997 0.01999998 0.8083 0.01999998 0.8391 0.01999998 0.8391 0.01999998 0.7467 0.01999998 0.734 0.01999998 0.7467 0.01999998 0.734 0.01999998 0.7236 0.01999998 0.734 0.01999998 0.7132 0.01999998 0.7236 0.01999998 0.7236 0.01999998 0.7005 0.01999998 0.7132 0.01999998 0.7132 0.01999998 0.5937 0.01999998 0.6293 0.01999998 0.6293 0.01999998 0.487 0.01999998 0.4743 0.01999998 0.487 0.01999998 0.4743 0.01999998 0.4639 0.01999998 0.4743 0.01999998 0.5549 0.4694 0.5495 0.2475 0.5549 0.2475 0.5954 0.4711 0.59 0.2492 0.5954 0.2492 0.5359 0.4694 0.5495 0.2475 0.5495 0.4694 0.609 0.2492 0.5954 0.4711 0.5954 0.2492 0.5765 0.4711 0.59 0.2492 0.59 0.4711 0.5684 0.2475 0.5549 0.4694 0.5549 0.2475 0.481 0.4694 0.4757 0.2475 0.4757 0.4694 0.5145 0.4704 0.5092 0.2485 0.5092 0.4704 0.4621 0.4694 0.4757 0.2475 0.4621 0.2475 0.5281 0.2485 0.5145 0.4704 0.5281 0.4704 0.4956 0.4704 0.5092 0.2485 0.4956 0.2485 0.4946 0.2475 0.481 0.4694 0.4946 0.4694 0.5565 0.6993 0.548 0.4784 0.548 0.6993 0.4643 0.4784 0.4728 0.6993 0.4728 0.4784 0.4883 0.6993 0.4799 0.4784 0.4799 0.6993 0.5324 0.4784 0.5409 0.6993 0.5409 0.4784 0.4799 0.4784 0.4728 0.6993 0.4799 0.6993 0.4572 0.6993 0.4643 0.4784 0.4572 0.4784 0.5409 0.6993 0.548 0.4784 0.5409 0.4784 0.5636 0.4784 0.5565 0.6993 0.5636 0.6993 0.594 0.6993 0.5855 0.4784 0.594 0.4784 0.5018 0.4784 0.5103 0.6993 0.5018 0.6993 0.5258 0.6993 0.5174 0.4784 0.5258 0.4784 0.5699 0.4784 0.5784 0.6993 0.5699 0.6993 0.5174 0.4784 0.5103 0.6993 0.5103 0.4784 0.4947 0.6993 0.5018 0.4784 0.5018 0.6993 0.5784 0.6993 0.5855 0.4784 0.5855 0.6993 0.6011 0.4784 0.594 0.6993 0.594 0.4784 0.3721 0.7004 0.3636 0.4795 0.3636 0.7004 0.4442 0.7004 0.4358 0.4795 0.4358 0.7004 0.3913 0.4795 0.3997 0.7004 0.3997 0.4795 0.3179 0.4795 0.3264 0.7004 0.3264 0.4795 0.4153 0.7004 0.4068 0.4795 0.4068 0.7004 0.3419 0.7004 0.3335 0.4795 0.3335 0.7004 0.3481 0.4795 0.3565 0.7004 0.3565 0.4795 0.4202 0.4795 0.4286 0.7004 0.4286 0.4795 0.4068 0.4795 0.3997 0.7004 0.4068 0.7004 0.3841 0.7004 0.3913 0.4795 0.3841 0.4795 0.3335 0.4795 0.3264 0.7004 0.3335 0.7004 0.3108 0.7004 0.3179 0.4795 0.3108 0.4795 0.4286 0.7004 0.4358 0.4795 0.4286 0.4795 0.4513 0.4795 0.4442 0.7004 0.4513 0.7004 0.3565 0.7004 0.3636 0.4795 0.3565 0.4795 0.3792 0.4795 0.3721 0.7004 0.3792 0.7004 0.7074 0.3409 0.6989 0.12 0.7074 0.12 0.7795 0.3409 0.771 0.12 0.7795 0.12 0.7265 0.12 0.735 0.3409 0.7265 0.3409 0.6532 0.12 0.6616 0.3409 0.6532 0.3409 0.7506 0.3409 0.7421 0.12 0.7506 0.12 0.6772 0.3409 0.6688 0.12 0.6772 0.12 0.6833 0.12 0.6918 0.3409 0.6833 0.3409 0.7554 0.12 0.7639 0.3409 0.7554 0.3409 0.7421 0.12 0.735 0.3409 0.735 0.12 0.7194 0.3409 0.7265 0.12 0.7265 0.3409 0.6688 0.12 0.6616 0.3409 0.6616 0.12 0.646 0.3409 0.6532 0.12 0.6532 0.3409 0.7639 0.3409 0.771 0.12 0.771 0.3409 0.7866 0.12 0.7795 0.3409 0.7795 0.12 0.6918 0.3409 0.6989 0.12 0.6989 0.3409 0.7145 0.12 0.7074 0.3409 0.7074 0.12 0.6898 0.7007 0.695 0.347 0.695 0.7007 0.7145 0.7007 0.7197 0.347 0.7197 0.7007 0.6532 0.347 0.648 0.7007 0.648 0.347 0.7362 0.7007 0.7414 0.347 0.7414 0.7007 0.6196 0.7007 0.6248 0.347 0.6248 0.7007 0.6764 0.347 0.6712 0.7007 0.6712 0.347 0.695 0.7007 0.7 0.347 0.7 0.7007 0.7414 0.7007 0.7464 0.347 0.7464 0.7007 0.6898 0.347 0.6847 0.7007 0.6847 0.347 0.7362 0.347 0.7312 0.7007 0.7312 0.347 0.7197 0.7007 0.7247 0.347 0.7247 0.7007 0.6248 0.7007 0.6299 0.347 0.6299 0.7007 0.7145 0.347 0.7095 0.7007 0.7095 0.347 0.6196 0.347 0.6146 0.7007 0.6146 0.347 0.648 0.347 0.643 0.7007 0.643 0.347 0.6712 0.347 0.6662 0.7007 0.6662 0.347 0.6532 0.7007 0.6582 0.347 0.6582 0.7007 0.6764 0.7007 0.6815 0.347 0.6815 0.7007 0.7516 0.347 0.7464 0.7007 0.7464 0.347 0.7052 0.347 0.7 0.7007 0.7 0.347 0.635 0.347 0.6299 0.7007 0.6299 0.347 0.7299 0.347 0.7247 0.7007 0.7247 0.347 0.661 0.7007 0.6662 0.347 0.6662 0.7007 0.6378 0.7007 0.643 0.347 0.643 0.7007 0.3328 0.07639998 0.4885 0.08039999 0.3328 0.08039999 0.205 0.0841 0.04929995 0.08009999 0.205 0.08009999 0.2314 0.2222 0.2354 0.0665 0.2354 0.2222 0.2566 0.2222 0.2606 0.06659996 0.2606 0.2222 0.2354 0.2222 0.2393 0.0665 0.2393 0.2222 0.3328 0.08039999 0.4885 0.08419996 0.3328 0.08419996 0.4885 0.07639998 0.3328 0.07249999 0.4885 0.07249999 0.2314 0.0665 0.2275 0.2222 0.2275 0.0665 0.205 0.08009999 0.04929995 0.0762 0.205 0.0762 0.2606 0.2222 0.2645 0.06659996 0.2645 0.2222 0.2566 0.06659996 0.2528 0.2222 0.2528 0.06659996 0.04929995 0.0841 0.205 0.08789998 0.04929995 0.08789998 0.4885 0.08819997 0.3328 0.08419996 0.4885 0.08419996 0.2432 0.0665 0.2393 0.2222 0.2393 0.0665 0.2685 0.06659996 0.2645 0.2222 0.2645 0.06659996 0.04929995 0.0722 0.205 0.0762 0.04929995 0.0762 0.6363 0.3417 0.6278 0.1208 0.6278 0.3417 0.6123 0.1208 0.6207 0.3417 0.6207 0.1208 0.6207 0.3417 0.6278 0.1208 0.6207 0.1208 0.6434 0.1208 0.6363 0.3417 0.6434 0.3417 0.9892 0.5692 0.9808 0.3483 0.9892 0.3483 0.9652 0.3483 0.9736 0.5692 0.9652 0.5692 0.9736 0.5692 0.9808 0.3483 0.9808 0.5692 0.9963 0.3483 0.9892 0.5692 0.9892 0.3483 0.5177 0.09609997 0.5218 0.1497 0.5177 0.1497 0.5219 0.2135 0.5178 0.1599 0.5219 0.1599 0.5495 0.1493 0.5454 0.0956 0.5495 0.0956 0.5452 0.1605 0.5493 0.2142 0.5452 0.2142 0.5454 0.1493 0.5413 0.0956 0.5454 0.0956 0.5412 0.1605 0.5452 0.2142 0.5412 0.2142 0.5218 0.09609997 0.5258 0.1497 0.5218 0.1497 0.5259 0.2135 0.5219 0.1599 0.5259 0.1599 0.5178 0.2135 0.5137 0.1599 0.5178 0.1599 0.5137 0.09609997 0.5177 0.1497 0.5137 0.1497 0.5493 0.1605 0.5534 0.2142 0.5493 0.2142 0.5535 0.1493 0.5495 0.0956 0.5535 0.0956 0.53 0.2135 0.5259 0.1599 0.53 0.1599 0.5258 0.09609997 0.5299 0.1497 0.5258 0.1497 0.5371 0.1605 0.5412 0.2142 0.5371 0.2142 0.5413 0.1493 0.5372 0.0956 0.5413 0.0956 0.9094 0.1071 0.8359 0.03189998 0.9094 0.03189998 0.9138 0.1071 0.9873 0.03189998 0.9873 0.1071 0.9138 0.03189998 0.9094 0.1071 0.9094 0.03189998 0.7495 0.1053 0.676 0.0302 0.676 0.1053 0.7539 0.1053 0.8274 0.0302 0.7539 0.0302 0.7539 0.0302 0.7495 0.1053 0.7539 0.1053 0.9689 0.6995 0.9734 0.583 0.9734 0.6995 0.9017 0.6995 0.9062 0.583 0.9062 0.6995 0.8345 0.6995 0.839 0.583 0.839 0.6995 0.9465 0.6995 0.951 0.583 0.951 0.6995 0.9241 0.6995 0.9286 0.583 0.9286 0.6995 0.7897 0.6995 0.7942 0.583 0.7942 0.6995 0.8723 0.5701 0.8681 0.3517 0.8723 0.3517 0.8931 0.5701 0.889 0.3517 0.8931 0.3517 0.914 0.5701 0.9098 0.3517 0.914 0.3517 0.9265 0.3517 0.9307 0.5701 0.9265 0.5701 0.9473 0.3517 0.9515 0.5701 0.9473 0.5701 0.7941 0.125 0.7983 0.3434 0.7941 0.3434 0.815 0.125 0.8192 0.3434 0.815 0.3434 0.8358 0.125 0.84 0.3434 0.8358 0.3434 0.865 0.3434 0.8609 0.125 0.865 0.125 0.8859 0.3434 0.8817 0.125 0.8859 0.125 0.9059 0.3407 0.9017 0.1223 0.9059 0.1223 0.9267 0.3407 0.9225 0.1223 0.9267 0.1223 0.9476 0.3407 0.9434 0.1223 0.9476 0.1223 0.9601 0.1223 0.9642 0.3407 0.9601 0.3407 0.9809 0.1223 0.9851 0.3407 0.9809 0.3407 0.7596 0.3521 0.7638 0.5705 0.7596 0.5705 0.7804 0.3521 0.7846 0.5705 0.7804 0.5705 0.8013 0.3521 0.8055 0.5705 0.8013 0.5705 0.8305 0.5705 0.8263 0.3521 0.8305 0.3521 0.8514 0.5705 0.8472 0.3521 0.8514 0.3521 0.9734 0.583 0.9773 0.6995 0.9734 0.6995 0.9062 0.583 0.9101 0.6995 0.9062 0.6995 0.839 0.583 0.8429 0.6995 0.839 0.6995 0.8799 0.583 0.8838 0.6995 0.8799 0.6995 0.8575 0.583 0.8614 0.6995 0.8575 0.6995 0.951 0.583 0.9549 0.6995 0.951 0.6995 0.9286 0.583 0.9325 0.6995 0.9286 0.6995 0.7942 0.583 0.7981 0.6995 0.7942 0.6995 0.7679 0.583 0.7718 0.6995 0.7679 0.6995 0.8082 0.583 0.8121 0.6995 0.8082 0.6995 0.8681 0.3517 0.8645 0.5701 0.8645 0.3517 0.8723 0.5701 0.8759 0.3517 0.8759 0.5701 0.889 0.3517 0.8853 0.5701 0.8853 0.3517 0.8931 0.5701 0.8968 0.3517 0.8968 0.5701 0.9098 0.3517 0.9062 0.5701 0.9062 0.3517 0.914 0.5701 0.9176 0.3517 0.9176 0.5701 0.9307 0.5701 0.9343 0.3517 0.9343 0.5701 0.9265 0.3517 0.9229 0.5701 0.9229 0.3517 0.9515 0.5701 0.9552 0.3517 0.9552 0.5701 0.9473 0.3517 0.9437 0.5701 0.9437 0.3517 0.7983 0.3434 0.8019 0.125 0.8019 0.3434 0.7941 0.125 0.7905 0.3434 0.7905 0.125 0.8192 0.3434 0.8228 0.125 0.8228 0.3434 0.815 0.125 0.8113 0.3434 0.8113 0.125 0.84 0.3434 0.8436 0.125 0.8436 0.3434 0.8358 0.125 0.8322 0.3434 0.8322 0.125 0.8609 0.125 0.8572 0.3434 0.8572 0.125 0.865 0.3434 0.8687 0.125 0.8687 0.3434 0.8817 0.125 0.8781 0.3434 0.8781 0.125 0.8859 0.3434 0.8895 0.125 0.8895 0.3434 0.9017 0.1223 0.898 0.3407 0.898 0.1223 0.9059 0.3407 0.9095 0.1223 0.9095 0.3407 0.9225 0.1223 0.9189 0.3407 0.9189 0.1223 0.9267 0.3407 0.9303 0.1223 0.9303 0.3407 0.9434 0.1223 0.9398 0.3407 0.9398 0.1223 0.9476 0.3407 0.9512 0.1223 0.9512 0.3407 0.9642 0.3407 0.9679 0.1223 0.9679 0.3407 0.9601 0.1223 0.9564 0.3407 0.9564 0.1223 0.9851 0.3407 0.9887 0.1223 0.9887 0.3407 0.9809 0.1223 0.9773 0.3407 0.9773 0.1223 0.7638 0.5705 0.7674 0.3521 0.7674 0.5705 0.7596 0.3521 0.756 0.5705 0.756 0.3521 0.7846 0.5705 0.7883 0.3521 0.7883 0.5705 0.7804 0.3521 0.7768 0.5705 0.7768 0.3521 0.8055 0.5705 0.8091 0.3521 0.8091 0.5705 0.8013 0.3521 0.7977 0.5705 0.7977 0.3521 0.8263 0.3521 0.8227 0.5705 0.8227 0.3521 0.8305 0.5705 0.8341 0.3521 0.8341 0.5705 0.8472 0.3521 0.8435 0.5705 0.8435 0.3521 0.8514 0.5705 0.855 0.3521 0.855 0.5705 0.8799 0.6995 0.8754 0.583 0.8799 0.583 0.8575 0.6995 0.853 0.583 0.8575 0.583 0.7679 0.6995 0.7634 0.583 0.7679 0.583 0.825 0.6995 0.8205 0.583 0.825 0.583 0.9689 0.6995 0.965 0.583 0.9689 0.583 0.9017 0.6995 0.8978 0.583 0.9017 0.583 0.8345 0.6995 0.8306 0.583 0.8345 0.583 0.8922 0.6995 0.8883 0.583 0.8922 0.583 0.8698 0.6995 0.8659 0.583 0.8698 0.583 0.9465 0.6995 0.9426 0.583 0.9465 0.583 0.9241 0.6995 0.9202 0.583 0.9241 0.583 0.7897 0.6995 0.7858 0.583 0.7897 0.583 0.7802 0.6995 0.7763 0.583 0.7802 0.583 0.8205 0.6995 0.8166 0.583 0.8205 0.583 0.8883 0.6995 0.8838 0.583 0.8883 0.583 0.8659 0.6995 0.8614 0.583 0.8659 0.583 0.7718 0.6995 0.7763 0.583 0.7763 0.6995 0.8121 0.6995 0.8166 0.583 0.8166 0.6995 0.8603 0.3517 0.8645 0.5701 0.8603 0.5701 0.8811 0.3517 0.8853 0.5701 0.8811 0.5701 0.902 0.3517 0.9062 0.5701 0.902 0.5701 0.9343 0.5701 0.9385 0.3517 0.9385 0.5701 0.9552 0.5701 0.9593 0.3517 0.9593 0.5701 0.8019 0.3434 0.8061 0.125 0.8061 0.3434 0.8228 0.3434 0.827 0.125 0.827 0.3434 0.8436 0.3434 0.8478 0.125 0.8478 0.3434 0.853 0.125 0.8572 0.3434 0.853 0.3434 0.8739 0.125 0.8781 0.3434 0.8739 0.3434 0.898 0.1223 0.8939 0.3407 0.8939 0.1223 0.9189 0.1223 0.9147 0.3407 0.9147 0.1223 0.9398 0.1223 0.9356 0.3407 0.9356 0.1223 0.9721 0.3407 0.9679 0.1223 0.9721 0.1223 0.9929 0.3407 0.9887 0.1223 0.9929 0.1223 0.7716 0.5705 0.7674 0.3521 0.7716 0.3521 0.7924 0.5705 0.7883 0.3521 0.7924 0.3521 0.8133 0.5705 0.8091 0.3521 0.8133 0.3521 0.8227 0.3521 0.8185 0.5705 0.8185 0.3521 0.8435 0.3521 0.8394 0.5705 0.8394 0.3521 0.9818 0.6995 0.9773 0.583 0.9818 0.583 0.9146 0.6995 0.9101 0.583 0.9146 0.583 0.8474 0.6995 0.8429 0.583 0.8474 0.583 0.9549 0.6995 0.9594 0.583 0.9594 0.6995 0.9325 0.6995 0.937 0.583 0.937 0.6995 0.7981 0.6995 0.8026 0.583 0.8026 0.6995 0.01539999 0.6298 0.01969999 0.8554 0.01969999 0.6298 0.2056 0.6298 0.21 0.8554 0.21 0.6298 0.04259997 0.6298 0.04689997 0.8554 0.04689997 0.6298 0.06979995 0.8554 0.06549996 0.6298 0.06549996 0.8554 0.1784999 0.8554 0.1741999 0.6298 0.1741999 0.8554 0.7069 0.9386 0.7025 0.7131 0.7025 0.9386 0.8971 0.9386 0.8928 0.7131 0.8928 0.9386 0.734 0.9386 0.7297 0.7131 0.7297 0.9386 0.7612 0.7131 0.7655 0.9386 0.7655 0.7131 0.8699 0.7131 0.8742 0.9386 0.8742 0.7131 0.01539999 0.6298 0.01059997 0.8554 0.01539999 0.8554 0.01969999 0.8554 0.02459996 0.6298 0.01969999 0.6298 0.2056 0.6298 0.2008 0.8554 0.2056 0.8554 0.21 0.8554 0.2148 0.6298 0.21 0.6298 0.04259997 0.6298 0.03779995 0.8554 0.04259997 0.8554 0.04689997 0.8554 0.05169999 0.6298 0.04689997 0.6298 0.06979995 0.8554 0.07459998 0.6298 0.06979995 0.6298 0.06549996 0.6298 0.06059998 0.8554 0.06549996 0.8554 0.1784999 0.8554 0.1833 0.6298 0.1784999 0.6298 0.1741999 0.6298 0.1693 0.8554 0.1741999 0.8554 0.7069 0.9386 0.7117 0.7131 0.7069 0.7131 0.7025 0.7131 0.6977 0.9386 0.7025 0.9386 0.8971 0.9386 0.9019 0.7131 0.8971 0.7131 0.8928 0.7131 0.8879 0.9386 0.8928 0.9386 0.734 0.9386 0.7389 0.7131 0.734 0.7131 0.7297 0.7131 0.7249 0.9386 0.7297 0.9386 0.7612 0.7131 0.7564 0.9386 0.7612 0.9386 0.7655 0.9386 0.7703 0.7131 0.7655 0.7131 0.8699 0.7131 0.8651 0.9386 0.8699 0.9386 0.8742 0.9386 0.879 0.7131 0.8742 0.7131 0.01059997 0.8554 0.006299972 0.6298 0.006299972 0.8554 0.2008 0.8554 0.1965 0.6298 0.1965 0.8554 0.03779995 0.8554 0.03349995 0.6298 0.03349995 0.8554 0.07459998 0.6298 0.07889997 0.8554 0.07889997 0.6298 0.1833 0.6298 0.1876 0.8554 0.1876 0.6298 0.7117 0.7131 0.716 0.9386 0.716 0.7131 0.9019 0.7131 0.9062 0.9386 0.9062 0.7131 0.7389 0.7131 0.7432 0.9386 0.7432 0.7131 0.7564 0.9386 0.7521 0.7131 0.7521 0.9386 0.8651 0.9386 0.8608 0.7131 0.8608 0.9386 0.09689998 0.6298 0.1013 0.8554 0.1013 0.6298 0.1241 0.6298 0.1284 0.8554 0.1284 0.6298 0.01169997 0.876 0.2372 0.8717 0.01169997 0.8717 0.1513 0.8554 0.147 0.6298 0.147 0.8554 0.2328 0.8554 0.2285 0.6298 0.2285 0.8554 0.7884 0.9386 0.7841 0.7131 0.7841 0.9386 0.8156 0.9386 0.8112 0.7131 0.8112 0.9386 0.6797 0.9386 0.6754 0.7131 0.6754 0.9386 0.8427 0.7131 0.847 0.9386 0.847 0.7131 0.9243 0.7131 0.9286 0.9386 0.9286 0.7131 0.09689998 0.6298 0.09209996 0.8554 0.09689998 0.8554 0.1013 0.8554 0.1061 0.6298 0.1013 0.6298 0.1241 0.6298 0.1193 0.8554 0.1241 0.8554 0.1284 0.8554 0.1333 0.6298 0.1284 0.6298 0.01169997 0.876 0.2372 0.8808 0.2372 0.876 0.2372 0.8717 0.01169997 0.8668 0.01169997 0.8717 0.1513 0.8554 0.1561 0.6298 0.1513 0.6298 0.147 0.6298 0.1421999 0.8554 0.147 0.8554 0.2328 0.8554 0.2376 0.6298 0.2328 0.6298 0.2285 0.6298 0.2237 0.8554 0.2285 0.8554 0.7884 0.9386 0.7932 0.7131 0.7884 0.7131 0.7841 0.7131 0.7792 0.9386 0.7841 0.9386 0.8156 0.9386 0.8204 0.7131 0.8156 0.7131 0.8112 0.7131 0.8064 0.9386 0.8112 0.9386 0.6797 0.9386 0.6845 0.7131 0.6797 0.7131 0.6754 0.7131 0.6705 0.9386 0.6754 0.9386 0.8427 0.7131 0.8379 0.9386 0.8427 0.9386 0.847 0.9386 0.8519 0.7131 0.847 0.7131 0.9243 0.7131 0.9194 0.9386 0.9243 0.9386 0.9286 0.9386 0.9334 0.7131 0.9286 0.7131 0.09209996 0.8554 0.08779996 0.6298 0.08779996 0.8554 0.1193 0.8554 0.115 0.6298 0.115 0.8554 0.2372 0.8808 0.01169997 0.8851 0.2372 0.8851 0.1561 0.6298 0.1604 0.8554 0.1604 0.6298 0.2376 0.6298 0.242 0.8554 0.242 0.6298 0.7932 0.7131 0.7975 0.9386 0.7975 0.7131 0.8204 0.7131 0.8247 0.9386 0.8247 0.7131 0.6845 0.7131 0.6888 0.9386 0.6888 0.7131 0.8379 0.9386 0.8336 0.7131 0.8336 0.9386 0.9194 0.9386 0.9151 0.7131 0.9151 0.9386 0.26 0.8554 0.2557 0.6298 0.2557 0.8554 0.2872 0.8554 0.2829 0.6298 0.2829 0.8554 0.9514 0.7131 0.9557 0.9386 0.9557 0.7131 0.9786 0.7131 0.9829 0.9386 0.9829 0.7131 0.26 0.8554 0.2648 0.6298 0.26 0.6298 0.2557 0.6298 0.2509 0.8554 0.2557 0.8554 0.2872 0.8554 0.292 0.6298 0.2872 0.6298 0.2829 0.6298 0.278 0.8554 0.2829 0.8554 0.9514 0.7131 0.9466 0.9386 0.9514 0.9386 0.9557 0.9386 0.9606 0.7131 0.9557 0.7131 0.9786 0.7131 0.9738 0.9386 0.9786 0.9386 0.9829 0.9386 0.9877 0.7131 0.9829 0.7131 0.2648 0.6298 0.2691 0.8554 0.2691 0.6298 0.292 0.6298 0.2963 0.8554 0.2963 0.6298 0.9466 0.9386 0.9423 0.7131 0.9423 0.9386 0.9738 0.9386 0.9695 0.7131 0.9695 0.9386 0.3347 0.7117 0.339 0.9372 0.3347 0.9372 0.01169997 0.9797 0.2372 0.9754 0.2372 0.9797 0.7259 0.9831 0.9514 0.9788 0.9514 0.9831 0.9514 0.956 0.7259 0.9603 0.7259 0.956 0.4769 0.9536 0.2514 0.9579 0.2514 0.9536 0.3857 0.9386 0.3814 0.7131 0.3857 0.7131 0.5759 0.9386 0.5716 0.7131 0.5759 0.7131 0.4129 0.9386 0.4086 0.7131 0.4129 0.7131 0.4401 0.7131 0.4444 0.9386 0.4401 0.9386 0.5488 0.7131 0.5531 0.9386 0.5488 0.9386 0.3347 0.7117 0.3299 0.9372 0.3299 0.7117 0.339 0.9372 0.3439 0.7117 0.3439 0.9372 0.01169997 0.9797 0.2372 0.9845 0.01169997 0.9845 0.2372 0.9754 0.01169997 0.9706 0.2372 0.9706 0.7259 0.9831 0.9514 0.988 0.7259 0.988 0.9514 0.9788 0.7259 0.974 0.9514 0.974 0.9514 0.956 0.7259 0.9511 0.9514 0.9511 0.7259 0.9603 0.9514 0.9651 0.7259 0.9651 0.4769 0.9536 0.2514 0.9488 0.4769 0.9488 0.2514 0.9579 0.4769 0.9628 0.2514 0.9628 0.3857 0.9386 0.3905 0.7131 0.3905 0.9386 0.3814 0.7131 0.3766 0.9386 0.3766 0.7131 0.5759 0.9386 0.5808 0.7131 0.5808 0.9386 0.5716 0.7131 0.5668 0.9386 0.5668 0.7131 0.4129 0.9386 0.4177 0.7131 0.4177 0.9386 0.4086 0.7131 0.4037 0.9386 0.4037 0.7131 0.4401 0.7131 0.4352 0.9386 0.4352 0.7131 0.4444 0.9386 0.4492 0.7131 0.4492 0.9386 0.5488 0.7131 0.5439 0.9386 0.5439 0.7131 0.5531 0.9386 0.5579 0.7131 0.5579 0.9386 0.3299 0.9372 0.3256 0.7117 0.3299 0.7117 0.2372 0.9845 0.01169997 0.9889 0.01169997 0.9845 0.9514 0.988 0.7259 0.9923 0.7259 0.988 0.7259 0.9511 0.9514 0.9468 0.9514 0.9511 0.2514 0.9488 0.4769 0.9445 0.4769 0.9488 0.3905 0.7131 0.3948 0.9386 0.3905 0.9386 0.5808 0.7131 0.5851 0.9386 0.5808 0.9386 0.4177 0.7131 0.422 0.9386 0.4177 0.9386 0.4352 0.9386 0.4309 0.7131 0.4352 0.7131 0.5439 0.9386 0.5396 0.7131 0.5439 0.7131 0.4878 0.9828 0.7133 0.9785 0.7133 0.9828 0.4878 0.9556 0.7133 0.9513 0.7133 0.9556 0.3114 0.7117 0.3158 0.9372 0.3114 0.9372 0.4769 0.9808 0.2514 0.9851 0.2514 0.9808 0.2372 0.9525 0.01169997 0.9569 0.01169997 0.9525 0.4672 0.9386 0.4629 0.7131 0.4672 0.7131 0.4944 0.9386 0.4901 0.7131 0.4944 0.7131 0.3585 0.9386 0.3542 0.7131 0.3585 0.7131 0.5216 0.7131 0.5259 0.9386 0.5216 0.9386 0.6031 0.7131 0.6074 0.9386 0.6031 0.9386 0.4878 0.9828 0.7133 0.9876 0.4878 0.9876 0.7133 0.9785 0.4878 0.9737 0.7133 0.9737 0.4878 0.9556 0.7133 0.9605 0.4878 0.9605 0.7133 0.9513 0.4878 0.9465 0.7133 0.9465 0.3114 0.7117 0.3066 0.9372 0.3066 0.7117 0.3158 0.9372 0.3206 0.7117 0.3206 0.9372 0.4769 0.9808 0.2514 0.976 0.4769 0.976 0.2514 0.9851 0.4769 0.9899 0.2514 0.9899 0.2372 0.9525 0.01169997 0.9477 0.2372 0.9477 0.01169997 0.9569 0.2372 0.9617 0.01169997 0.9617 0.4672 0.9386 0.4721 0.7131 0.4721 0.9386 0.4629 0.7131 0.4581 0.9386 0.4581 0.7131 0.4944 0.9386 0.4992 0.7131 0.4992 0.9386 0.4901 0.7131 0.4853 0.9386 0.4853 0.7131 0.3585 0.9386 0.3634 0.7131 0.3634 0.9386 0.3542 0.7131 0.3494 0.9386 0.3494 0.7131 0.5216 0.7131 0.5168 0.9386 0.5168 0.7131 0.5259 0.9386 0.5307 0.7131 0.5307 0.9386 0.6031 0.7131 0.5983 0.9386 0.5983 0.7131 0.6074 0.9386 0.6122 0.7131 0.6122 0.9386 0.7133 0.9876 0.4878 0.992 0.4878 0.9876 0.7133 0.9605 0.4878 0.9648 0.4878 0.9605 0.3066 0.9372 0.3023 0.7117 0.3066 0.7117 0.2514 0.976 0.4769 0.9717 0.4769 0.976 0.01169997 0.9477 0.2372 0.9434 0.2372 0.9477 0.4721 0.7131 0.4764 0.9386 0.4721 0.9386 0.4992 0.7131 0.5035 0.9386 0.4992 0.9386 0.3634 0.7131 0.3677 0.9386 0.3634 0.9386 0.5168 0.9386 0.5124 0.7131 0.5168 0.7131 0.5983 0.9386 0.594 0.7131 0.5983 0.7131 0.2372 0.9254 0.01169997 0.9297 0.01169997 0.9254 0.2372 0.8982 0.01169997 0.9025 0.01169997 0.8982 0.6303 0.7131 0.6346 0.9386 0.6303 0.9386 0.6575 0.7131 0.6618 0.9386 0.6575 0.9386 0.2372 0.9254 0.01169997 0.9205 0.2372 0.9205 0.01169997 0.9297 0.2372 0.9345 0.01169997 0.9345 0.2372 0.8982 0.01169997 0.8934 0.2372 0.8934 0.01169997 0.9025 0.2372 0.9073 0.01169997 0.9073 0.6303 0.7131 0.6255 0.9386 0.6255 0.7131 0.6346 0.9386 0.6394 0.7131 0.6394 0.9386 0.6575 0.7131 0.6526 0.9386 0.6526 0.7131 0.6618 0.9386 0.6666 0.7131 0.6666 0.9386 0.01169997 0.9205 0.2372 0.9162 0.2372 0.9205 0.01169997 0.8934 0.2372 0.8891 0.2372 0.8934 0.6255 0.9386 0.6211 0.7131 0.6255 0.7131 0.6526 0.9386 0.6483 0.7131 0.6526 0.7131 0.5629 0.08379995 0.5735 0.1138 0.5629 0.1142 0.5629 0.1142 0.5735 0.1446 0.5629 0.1446 0.5735 0.1754 0.5629 0.2055 0.5629 0.1751 0.3132 0.2055 0.3027 0.1754 0.3133 0.175 0.3133 0.175 0.3027 0.1446 0.3133 0.1444 0.3027 0.1138 0.3133 0.08340001 0.3133 0.1139 0.2875 0.1748999 0.2822 0.2053 0.2822 0.1747 0.2875 0.1441 0.2822 0.1747 0.2822 0.1441 0.2822 0.08279997 0.2875 0.1133 0.2822 0.1134 0.01669996 0.1133 0.02199995 0.08279997 0.02199995 0.1134999 0.01669996 0.1441 0.02199995 0.1134999 0.02199995 0.1442 0.02199995 0.2055 0.01669996 0.1748999 0.02199995 0.1748 0.5842 0.1784999 0.5956 0.2091 0.5842 0.2091 0.5842 0.1479 0.5956 0.1784999 0.5842 0.1784999 0.5956 0.1172 0.5842 0.0866 0.5956 0.0866 0.3931 0.04479998 0.4235 0.03339999 0.4235 0.04479998 0.3627 0.04479998 0.3931 0.03339999 0.3931 0.04479998 0.3322 0.03339999 0.3018 0.04479998 0.3018 0.03339999 0.41 0.01999998 0.4408 0.01429998 0.4408 0.01999998 0.3792 0.01999998 0.41 0.01429998 0.41 0.01999998 0.3484 0.01429998 0.3176 0.01999998 0.3176 0.01429998 0.8391 0.01999998 0.8699 0.01429998 0.8699 0.01999998 0.8083 0.01999998 0.8391 0.01429998 0.8391 0.01999998 0.7775 0.01429998 0.7467 0.01999998 0.7467 0.01429998 0.2769 0.08319997 0.2822 0.1134 0.2769 0.1136 0.2769 0.1136 0.2822 0.1441 0.2769 0.1441 0.2822 0.1747 0.2769 0.2049 0.2769 0.1745 0.0273 0.2057 0.02199995 0.1748 0.0273 0.1751 0.0273 0.1751 0.02199995 0.1442 0.0273 0.1444 0.02199995 0.1134999 0.0273 0.08319997 0.0273 0.1138 0.41 0.01429998 0.4408 0.01139998 0.4408 0.01429998 0.3792 0.01429998 0.41 0.01139998 0.41 0.01429998 0.3484 0.01139998 0.3176 0.01429998 0.3176 0.01139998 0.3484 0.01999998 0.3176 0.02279996 0.3176 0.01999998 0.3792 0.01999998 0.3484 0.02279996 0.3484 0.01999998 0.41 0.02279996 0.4408 0.01999998 0.4408 0.02279996 0.8391 0.01429998 0.8699 0.01139998 0.8699 0.01429998 0.8083 0.01429998 0.8391 0.01139998 0.8391 0.01429998 0.7775 0.01139998 0.7467 0.01429998 0.7467 0.01139998 0.7775 0.01999998 0.7467 0.02279996 0.7467 0.01999998 0.8083 0.01999998 0.7775 0.02279996 0.7775 0.01999998 0.8391 0.02279996 0.8699 0.01999998 0.8699 0.02279996 0.8391 0.01429998 0.8699 0.01429998 0.8391 0.01429998 0.8083 0.01429998 0.8391 0.01429998 0.8083 0.01429998 0.7467 0.01429998 0.7775 0.01429998 0.7775 0.01429998 0.41 0.01429998 0.4408 0.01429998 0.41 0.01429998 0.3792 0.01429998 0.41 0.01429998 0.3792 0.01429998 0.3176 0.01429998 0.3484 0.01429998 0.3484 0.01429998 0.3484 0.01999998 0.3176 0.01999998 0.3484 0.01999998 0.3792 0.01999998 0.3484 0.01999998 0.3792 0.01999998 0.4408 0.01999998 0.41 0.01999998 0.41 0.01999998 0.7775 0.01999998 0.7467 0.01999998 0.7775 0.01999998 0.8083 0.01999998 0.7775 0.01999998 0.8083 0.01999998 0.8699 0.01999998 0.8391 0.01999998 0.8391 0.01999998 0.2778 0.4646 0.02929997 0.4549 0.2766 0.4549 0.2737 0.4499 0.03719997 0.447 0.2687 0.447 0.03219997 0.4499 0.2766 0.4549 0.02929997 0.4549 0.2687 0.447 0.04689997 0.4458 0.2589 0.4458 0.03219997 0.6011 0.2687 0.604 0.03719997 0.604 0.2766 0.5961 0.02809995 0.5864 0.2778 0.5864 0.2737 0.6011 0.02929997 0.5961 0.2766 0.5961 0.03719997 0.604 0.2589 0.6052 0.04689997 0.6052 0.01749998 0.4006 0.2865 0.4131 0.01929998 0.4131 0.01929998 0.4131 0.2812 0.4221 0.02469998 0.4221 0.02469998 0.4221 0.2722 0.4274 0.03359997 0.4274 0.03359997 0.4274 0.2601 0.4293 0.04579997 0.4293 0.01749998 0.2774 0.2883 0.4006 0.01749998 0.4006 0.2812 0.2559 0.03359997 0.2505 0.2722 0.2505 0.02469998 0.2559 0.2865 0.2648 0.01929998 0.2648 0.2722 0.2505 0.04619997 0.2487 0.2597 0.2487 0.3321 0.06489998 0.3669 0.05439996 0.3674 0.06489998 0.3674 0.06489998 0.4025 0.05439996 0.4027 0.06489998 0.4027 0.06489998 0.4381 0.05439996 0.4381 0.06489998 0.5092 0.05439996 0.5441 0.06489998 0.5087 0.06489998 0.4737 0.05439996 0.5087 0.06489998 0.4734 0.06489998 0.5441 0.2243 0.5092 0.2348999 0.5087 0.2243 0.5087 0.2243 0.4737 0.2348999 0.4734 0.2243 0.4734 0.2243 0.4381 0.2348999 0.4381 0.2243 0.3669 0.2348999 0.3321 0.2243 0.3674 0.2243 0.4025 0.2348999 0.3674 0.2243 0.4027 0.2243 0.08089995 0.2343 0.04569995 0.2291 0.0812 0.2291 0.1165 0.2343 0.0812 0.2291 0.1166 0.2291 0.1166 0.2291 0.1521 0.2343 0.1165 0.2343 0.2585 0.2291 0.2232 0.2343 0.223 0.2291 0.223 0.2291 0.1877 0.2343 0.1875 0.2291 0.2232 0.05379998 0.2585 0.05909997 0.223 0.05909997 0.1877 0.05379998 0.223 0.05909997 0.1875 0.05909997 0.1875 0.05909997 0.1521 0.05379998 0.1877 0.05379998 0.04569995 0.05909997 0.08089995 0.05379998 0.0812 0.05909997 0.0812 0.05909997 0.1165 0.05379998 0.1166 0.05909997 0.6314 0.04479998 0.6667 0.03339999 0.6667 0.04479998 0.5961 0.04479998 0.6314 0.03339999 0.6314 0.04479998 0.5607 0.04479998 0.5961 0.03339999 0.5961 0.04479998 0.4901 0.03339999 0.4547 0.04479998 0.4547 0.03339999 0.5254 0.03339999 0.4901 0.04479998 0.4901 0.03339999 0.2353 0.04479998 0.2706 0.03339999 0.2706 0.04479998 0.2 0.04479998 0.2353 0.03339999 0.2353 0.04479998 0.1646 0.04479998 0.2 0.03339999 0.2 0.04479998 0.09399998 0.03339999 0.05859994 0.04479998 0.05859994 0.03339999 0.1292999 0.03339999 0.09399998 0.04479998 0.09399998 0.03339999 0.2358 0.01999998 0.2713 0.01429998 0.2713 0.01999998 0.2002 0.01999998 0.2358 0.01429998 0.2358 0.01999998 0.1646 0.01999998 0.2002 0.01429998 0.2002 0.01999998 0.09349995 0.01429998 0.05789995 0.01999998 0.05789995 0.01429998 0.1291 0.01429998 0.09349995 0.01999998 0.09349995 0.01429998 0.6649 0.01999998 0.7004 0.01429998 0.7004 0.01999998 0.6293 0.01999998 0.6649 0.01429998 0.6649 0.01999998 0.5937 0.01999998 0.6293 0.01429998 0.6293 0.01999998 0.5226 0.01429998 0.487 0.01999998 0.487 0.01429998 0.5582 0.01429998 0.5226 0.01999998 0.5226 0.01429998 0.2581 0.2238 0.223 0.2291 0.2226999 0.2238 0.2226999 0.2238 0.1875 0.2291 0.1874 0.2238 0.1521 0.2291 0.1874 0.2238 0.1875 0.2291 0.0812 0.2291 0.04609996 0.2238 0.08139997 0.2238 0.1166 0.2291 0.08139997 0.2238 0.1168 0.2238 0.04609996 0.06439995 0.0812 0.05909997 0.08139997 0.06439995 0.08139997 0.06439995 0.1166 0.05909997 0.1168 0.06439995 0.1521 0.05909997 0.1168 0.06439995 0.1166 0.05909997 0.223 0.05909997 0.2581 0.06439995 0.2226999 0.06439995 0.1875 0.05909997 0.2226999 0.06439995 0.1874 0.06439995 0.2358 0.01429998 0.2714 0.01139998 0.2714 0.01429998 0.2002 0.01429998 0.2358 0.01139998 0.2358 0.01429998 0.1646 0.01429998 0.2002 0.01139998 0.2002 0.01429998 0.09349995 0.01139998 0.05789995 0.01429998 0.05789995 0.01139998 0.129 0.01139998 0.09349995 0.01429998 0.09349995 0.01139998 0.09349995 0.01999998 0.05789995 0.02279996 0.05789995 0.01999998 0.129 0.01999998 0.09349995 0.02279996 0.09349995 0.01999998 0.1646 0.01999998 0.129 0.02279996 0.129 0.01999998 0.2358 0.02279996 0.2714 0.01999998 0.2714 0.02279996 0.2002 0.02279996 0.2358 0.01999998 0.2358 0.02279996 0.6649 0.01429998 0.7005 0.01139998 0.7005 0.01429998 0.6293 0.01429998 0.6649 0.01139998 0.6649 0.01429998 0.5937 0.01429998 0.6293 0.01139998 0.6293 0.01429998 0.5226 0.01139998 0.487 0.01429998 0.487 0.01139998 0.5582 0.01139998 0.5226 0.01429998 0.5226 0.01139998 0.5226 0.01999998 0.487 0.02279996 0.487 0.01999998 0.5582 0.01999998 0.5226 0.02279996 0.5226 0.01999998 0.5937 0.01999998 0.5582 0.02279996 0.5582 0.01999998 0.6649 0.02279996 0.7005 0.01999998 0.7005 0.02279996 0.6293 0.02279996 0.6649 0.01999998 0.6649 0.02279996 0.6649 0.01429998 0.7004 0.01429998 0.6649 0.01429998 0.6293 0.01429998 0.6649 0.01429998 0.6293 0.01429998 0.5937 0.01429998 0.6293 0.01429998 0.5937 0.01429998 0.487 0.01429998 0.5226 0.01429998 0.5226 0.01429998 0.5226 0.01429998 0.5582 0.01429998 0.5582 0.01429998 0.2358 0.01429998 0.2713 0.01429998 0.2358 0.01429998 0.2002 0.01429998 0.2358 0.01429998 0.2002 0.01429998 0.1646 0.01429998 0.2002 0.01429998 0.1646 0.01429998 0.05789995 0.01429998 0.09349995 0.01429998 0.09349995 0.01429998 0.09349995 0.01429998 0.129 0.01429998 0.1291 0.01429998 0.09349995 0.01999998 0.05789995 0.01999998 0.09349995 0.01999998 0.129 0.01999998 0.09349995 0.01999998 0.1291 0.01999998 0.1646 0.01999998 0.1291 0.01999998 0.1646 0.01999998 0.2713 0.01999998 0.2358 0.01999998 0.2358 0.01999998 0.2358 0.01999998 0.2002 0.01999998 0.2002 0.01999998 0.5226 0.01999998 0.487 0.01999998 0.5226 0.01999998 0.5582 0.01999998 0.5226 0.01999998 0.5582 0.01999998 0.5937 0.01999998 0.5582 0.01999998 0.5937 0.01999998 0.7004 0.01999998 0.6649 0.01999998 0.6649 0.01999998 0.6649 0.01999998 0.6293 0.01999998 0.6293 0.01999998 0.1717 0.1946 0.177 0.2141 0.1717 0.2141 0.1717 0.1751 0.177 0.1946 0.1717 0.1946 0.1717 0.1556 0.177 0.1751 0.1717 0.1751 0.177 0.1167 0.1717 0.1004 0.177 0.1004 0.177 0.1360999 0.1717 0.1167 0.177 0.1167 0.177 0.1946 0.1868 0.2141 0.177 0.2141 0.177 0.1751 0.1868 0.1946 0.177 0.1946 0.177 0.1556 0.1868 0.1751 0.177 0.1751 0.1868 0.1167 0.177 0.1004 0.1868 0.1004 0.1868 0.1360999 0.177 0.1167 0.1868 0.1167 0.1868 0.1946 0.1926 0.2141 0.1868 0.2141 0.1868 0.1751 0.1926 0.1946 0.1868 0.1946 0.1868 0.1556 0.1926 0.1751 0.1868 0.1751 0.1926 0.1167 0.1868 0.1004 0.1926 0.1004 0.1926 0.1360999 0.1868 0.1167 0.1926 0.1167 0.1926 0.1946 0.1983 0.2141 0.1926 0.2141 0.1926 0.1751 0.1983 0.1946 0.1926 0.1946 0.1926 0.1556 0.1983 0.1751 0.1926 0.1751 0.1983 0.1167 0.1926 0.1004 0.1983 0.1004 0.1983 0.1360999 0.1926 0.1167 0.1983 0.1167 0.1983 0.1946 0.2082 0.2141 0.1983 0.2141 0.1983 0.1751 0.2082 0.1946 0.1983 0.1946 0.1983 0.1556 0.2082 0.1751 0.1983 0.1751 0.2082 0.1167 0.1983 0.1004 0.2082 0.1004 0.2082 0.1360999 0.1983 0.1167 0.2082 0.1167 0.2082 0.1946 0.2134 0.2141 0.2082 0.2141 0.2082 0.1751 0.2134 0.1946 0.2082 0.1946 0.2082 0.1556 0.2134 0.1751 0.2082 0.1751 0.2134 0.1167 0.2082 0.1004 0.2134 0.1004 0.2134 0.1360999 0.2082 0.1167 0.2134 0.1167 0.133 0.1946 0.1442 0.2141 0.133 0.2141 0.133 0.1751 0.1442 0.1946 0.133 0.1946 0.133 0.1556 0.1442 0.1751 0.133 0.1751 0.1442 0.1167 0.133 0.1004 0.1442 0.1004 0.1442 0.1360999 0.133 0.1167 0.1442 0.1167 0.1442 0.1946 0.1523 0.2141 0.1442 0.2141 0.1442 0.1751 0.1523 0.1946 0.1442 0.1946 0.1442 0.1556 0.1523 0.1751 0.1442 0.1751 0.1523 0.1167 0.1442 0.1004 0.1523 0.1004 0.1523 0.1360999 0.1442 0.1167 0.1523 0.1167 0.1523 0.1946 0.1604 0.2141 0.1523 0.2141 0.1523 0.1751 0.1604 0.1946 0.1523 0.1946 0.1523 0.1556 0.1604 0.1751 0.1523 0.1751 0.1604 0.1167 0.1523 0.1004 0.1604 0.1004 0.1604 0.1360999 0.1523 0.1167 0.1604 0.1167 0.1604 0.1946 0.1717 0.2141 0.1604 0.2141 0.1604 0.1751 0.1717 0.1946 0.1604 0.1946 0.1604 0.1556 0.1717 0.1751 0.1604 0.1751 0.1717 0.1167 0.1604 0.1004 0.1717 0.1004 0.1717 0.1360999 0.1604 0.1167 0.1717 0.1167 0.1021 0.1946 0.1119 0.2141 0.1021 0.2141 0.1021 0.1751 0.1119 0.1946 0.1021 0.1946 0.1021 0.1556 0.1119 0.1751 0.1021 0.1751 0.1119 0.1167 0.1021 0.1004 0.1119 0.1004 0.1119 0.1360999 0.1021 0.1167 0.1119 0.1167 0.1119 0.1946 0.1172 0.2141 0.1119 0.2141 0.1119 0.1751 0.1172 0.1946 0.1119 0.1946 0.1119 0.1556 0.1172 0.1751 0.1119 0.1751 0.1172 0.1167 0.1119 0.1004 0.1172 0.1004 0.1172 0.1360999 0.1119 0.1167 0.1172 0.1167 0.03669995 0.1945 0.04799997 0.214 0.03679996 0.214 0.03669995 0.1751 0.04799997 0.1945 0.03669995 0.1945 0.03669995 0.1556 0.04799997 0.1751 0.03669995 0.1751 0.04799997 0.1166 0.03669995 0.1004 0.04799997 0.1004 0.04799997 0.1360999 0.03669995 0.1166 0.04799997 0.1166 0.04799997 0.1945 0.05609995 0.214 0.04799997 0.214 0.04799997 0.1751 0.05609995 0.1945 0.04799997 0.1945 0.04799997 0.1556 0.05609995 0.1751 0.04799997 0.1751 0.05609995 0.1166 0.04799997 0.1004 0.05609995 0.1004 0.05609995 0.1360999 0.04799997 0.1166 0.05609995 0.1166 0.05609995 0.1945 0.06419998 0.214 0.05609995 0.214 0.05609995 0.1751 0.06419998 0.1945 0.05609995 0.1945 0.05609995 0.1556 0.06419998 0.1751 0.05609995 0.1751 0.06419998 0.1166 0.05609995 0.1004 0.06419998 0.1004 0.06419998 0.1360999 0.05609995 0.1166 0.06419998 0.1166 0.06419998 0.1945 0.07539999 0.2141 0.06419998 0.214 0.06419998 0.1751 0.07539999 0.1946 0.06419998 0.1945 0.06419998 0.1556 0.07539999 0.1751 0.06419998 0.1751 0.07539999 0.1166 0.06419998 0.1004 0.07539999 0.1003 0.07539999 0.1360999 0.06419998 0.1166 0.07539999 0.1166 0.07539999 0.1946 0.08069998 0.2141 0.07539999 0.2141 0.07539999 0.1751 0.08069998 0.1946 0.07539999 0.1946 0.07539999 0.1556 0.08069998 0.175 0.07539999 0.1751 0.08069998 0.1164 0.07539999 0.1003 0.08069998 0.1001999 0.08069998 0.136 0.07539999 0.1166 0.08069998 0.1164 0.08069998 0.1946 0.09049999 0.2141 0.08069998 0.2141 0.08069998 0.175 0.09049999 0.1946 0.08069998 0.1946 0.08069998 0.1554999 0.09049999 0.1751 0.08069998 0.175 0.09049999 0.1167 0.08069998 0.1001999 0.09049999 0.1004 0.09049999 0.1360999 0.08069998 0.1164 0.09049999 0.1167 0.09049999 0.1946 0.0963 0.2141 0.09049999 0.2141 0.09049999 0.1751 0.0963 0.1946 0.09049999 0.1946 0.09049999 0.1556 0.0963 0.1751 0.09049999 0.1751 0.0963 0.1167 0.09049999 0.1004 0.0963 0.1004 0.0963 0.1360999 0.09049999 0.1167 0.0963 0.1167 0.0963 0.1946 0.1021 0.2141 0.0963 0.2141 0.0963 0.1751 0.1021 0.1946 0.0963 0.1946 0.0963 0.1556 0.1021 0.1751 0.0963 0.1751 0.1021 0.1167 0.0963 0.1004 0.1021 0.1004 0.1021 0.1360999 0.0963 0.1167 0.1021 0.1167 0.3631 0.1978999 0.3683 0.2174 0.3631 0.2174 0.3631 0.1784 0.3683 0.1978999 0.3631 0.1978999 0.3631 0.1589 0.3683 0.1784 0.3631 0.1784 0.3683 0.1199 0.3631 0.1037 0.3683 0.1037 0.3683 0.1394 0.3631 0.1199 0.3683 0.1199 0.3683 0.1978999 0.3782 0.2174 0.3683 0.2174 0.3683 0.1784 0.3782 0.1978999 0.3683 0.1978999 0.3683 0.1589 0.3782 0.1784 0.3683 0.1784 0.3782 0.1199 0.3683 0.1037 0.3782 0.1037 0.3782 0.1394 0.3683 0.1199 0.3782 0.1199 0.3782 0.1978999 0.3839 0.2174 0.3782 0.2174 0.3782 0.1784 0.3839 0.1978999 0.3782 0.1978999 0.3782 0.1589 0.3839 0.1784 0.3782 0.1784 0.3839 0.1199 0.3782 0.1037 0.3839 0.1037 0.3839 0.1394 0.3782 0.1199 0.3839 0.1199 0.3839 0.1978999 0.3897 0.2174 0.3839 0.2174 0.3839 0.1784 0.3897 0.1978999 0.3839 0.1978999 0.3839 0.1589 0.3897 0.1784 0.3839 0.1784 0.3897 0.1199 0.3839 0.1037 0.3897 0.1037 0.3897 0.1394 0.3839 0.1199 0.3897 0.1199 0.3897 0.1978999 0.3995 0.2174 0.3897 0.2174 0.3897 0.1784 0.3995 0.1978999 0.3897 0.1978999 0.3897 0.1589 0.3995 0.1784 0.3897 0.1784 0.3995 0.1199 0.3897 0.1037 0.3995 0.1037 0.3995 0.1394 0.3897 0.1199 0.3995 0.1199 0.3995 0.1978999 0.4048 0.2174 0.3995 0.2174 0.3995 0.1784 0.4048 0.1978999 0.3995 0.1978999 0.3995 0.1589 0.4048 0.1784 0.3995 0.1784 0.4048 0.1199 0.3995 0.1037 0.4048 0.1037 0.4048 0.1394 0.3995 0.1199 0.4048 0.1199 0.3244 0.1978999 0.3356 0.2174 0.3244 0.2174 0.3244 0.1784 0.3356 0.1978999 0.3244 0.1978999 0.3244 0.1589 0.3356 0.1784 0.3244 0.1784 0.3356 0.1199 0.3244 0.1037 0.3356 0.1037 0.3356 0.1394 0.3244 0.1199 0.3356 0.1199 0.3356 0.1978999 0.3437 0.2174 0.3356 0.2174 0.3356 0.1784 0.3437 0.1978999 0.3356 0.1978999 0.3356 0.1589 0.3437 0.1784 0.3356 0.1784 0.3437 0.1199 0.3356 0.1037 0.3437 0.1037 0.3437 0.1394 0.3356 0.1199 0.3437 0.1199 0.3437 0.1978999 0.3518 0.2174 0.3437 0.2174 0.3437 0.1784 0.3518 0.1978999 0.3437 0.1978999 0.3437 0.1589 0.3518 0.1784 0.3437 0.1784 0.3518 0.1199 0.3437 0.1037 0.3518 0.1037 0.3518 0.1394 0.3437 0.1199 0.3518 0.1199 0.3518 0.1978999 0.3631 0.2174 0.3518 0.2174 0.3518 0.1784 0.3631 0.1978999 0.3518 0.1978999 0.3518 0.1589 0.3631 0.1784 0.3518 0.1784 0.3631 0.1199 0.3518 0.1037 0.3631 0.1037 0.3631 0.1394 0.3518 0.1199 0.3631 0.1199 0.4655 0.1978999 0.4708 0.2174 0.4655 0.2174 0.4655 0.1784 0.4708 0.1978999 0.4655 0.1978999 0.4655 0.1589 0.4708 0.1784 0.4655 0.1784 0.4708 0.1199 0.4655 0.1037 0.4708 0.1037 0.4708 0.1394 0.4655 0.1199 0.4708 0.1199 0.4708 0.1978999 0.4806 0.2174 0.4708 0.2174 0.4708 0.1784 0.4806 0.1978999 0.4708 0.1978999 0.4708 0.1589 0.4806 0.1784 0.4708 0.1784 0.4806 0.1199 0.4708 0.1037 0.4806 0.1037 0.4806 0.1394 0.4708 0.1199 0.4806 0.1199 0.4806 0.1978999 0.4864 0.2174 0.4806 0.2174 0.4806 0.1784 0.4864 0.1978999 0.4806 0.1978999 0.4806 0.1589 0.4864 0.1784 0.4806 0.1784 0.4864 0.1199 0.4806 0.1037 0.4864 0.1037 0.4864 0.1394 0.4806 0.1199 0.4864 0.1199 0.4864 0.1978999 0.4922 0.2174 0.4864 0.2174 0.4864 0.1784 0.4922 0.1978999 0.4864 0.1978999 0.4864 0.1589 0.4922 0.1784 0.4864 0.1784 0.4922 0.1199 0.4864 0.1037 0.4922 0.1037 0.4922 0.1394 0.4864 0.1199 0.4922 0.1199 0.4922 0.1978999 0.502 0.2174 0.4922 0.2174 0.4922 0.1784 0.502 0.1978999 0.4922 0.1978999 0.4922 0.1589 0.502 0.1784 0.4922 0.1784 0.502 0.1199 0.4922 0.1037 0.502 0.1037 0.502 0.1394 0.4922 0.1199 0.502 0.1199 0.502 0.1978999 0.5073 0.2174 0.502 0.2174 0.502 0.1784 0.5073 0.1978999 0.502 0.1978999 0.502 0.1589 0.5073 0.1784 0.502 0.1784 0.5073 0.1199 0.502 0.1037 0.5073 0.1037 0.5073 0.1394 0.502 0.1199 0.5073 0.1199 0.4268 0.1978999 0.438 0.2174 0.4268 0.2174 0.4268 0.1784 0.438 0.1978999 0.4268 0.1978999 0.4268 0.1589 0.438 0.1784 0.4268 0.1784 0.438 0.1199 0.4268 0.1037 0.438 0.1037 0.438 0.1394 0.4268 0.1199 0.438 0.1199 0.438 0.1978999 0.4462 0.2174 0.438 0.2174 0.438 0.1784 0.4462 0.1978999 0.438 0.1978999 0.438 0.1589 0.4462 0.1784 0.438 0.1784 0.4462 0.1199 0.438 0.1037 0.4462 0.1037 0.4462 0.1394 0.438 0.1199 0.4462 0.1199 0.4462 0.1978999 0.4543 0.2174 0.4462 0.2174 0.4462 0.1784 0.4543 0.1978999 0.4462 0.1978999 0.4462 0.1589 0.4543 0.1784 0.4462 0.1784 0.4543 0.1199 0.4462 0.1037 0.4543 0.1037 0.4543 0.1394 0.4462 0.1199 0.4543 0.1199 0.4543 0.1978999 0.4655 0.2174 0.4543 0.2174 0.4543 0.1784 0.4655 0.1978999 0.4543 0.1978999 0.4543 0.1589 0.4655 0.1784 0.4543 0.1784 0.4655 0.1199 0.4543 0.1037 0.4655 0.1037 0.4655 0.1394 0.4543 0.1199 0.4655 0.1199 0.177 0.1004 0.1717 0.09719997 0.177 0.09719997 0.1868 0.1004 0.177 0.09719997 0.1868 0.09719997 0.1926 0.1004 0.1868 0.09719997 0.1926 0.09719997 0.1983 0.1004 0.1926 0.09719997 0.1983 0.09719997 0.2082 0.1004 0.1983 0.09719997 0.2082 0.09719997 0.2134 0.1004 0.2082 0.09719997 0.2134 0.09719997 0.1442 0.1004 0.133 0.09719997 0.1442 0.09719997 0.1523 0.1004 0.1442 0.09719997 0.1523 0.09719997 0.1604 0.1004 0.1523 0.09719997 0.1604 0.09719997 0.1717 0.1004 0.1604 0.09719997 0.1717 0.09719997 0.1119 0.1004 0.1021 0.09719997 0.1119 0.09719997 0.1172 0.1004 0.1119 0.09719997 0.1172 0.09719997 0.04799997 0.1004 0.03669995 0.09709995 0.04799997 0.09709995 0.05609995 0.1004 0.04799997 0.09709995 0.05609995 0.09709995 0.06419998 0.1004 0.05609995 0.09709995 0.06419998 0.09709995 0.07539999 0.1003 0.06419998 0.09709995 0.07539999 0.09709995 0.08069998 0.1001999 0.07539999 0.09709995 0.08069998 0.09689998 0.09049999 0.1004 0.08069998 0.09689998 0.09049999 0.09719997 0.0963 0.1004 0.09049999 0.09719997 0.0963 0.09719997 0.1021 0.1004 0.0963 0.09719997 0.1021 0.09719997 0.3683 0.1037 0.3631 0.1004 0.3683 0.1004 0.3782 0.1037 0.3683 0.1004 0.3782 0.1004 0.3839 0.1037 0.3782 0.1004 0.3839 0.1004 0.3897 0.1037 0.3839 0.1004 0.3897 0.1004 0.3995 0.1037 0.3897 0.1004 0.3995 0.1004 0.4048 0.1037 0.3995 0.1004 0.4048 0.1004 0.3356 0.1037 0.3244 0.1004 0.3356 0.1004 0.3437 0.1037 0.3356 0.1004 0.3437 0.1004 0.3518 0.1037 0.3437 0.1004 0.3518 0.1004 0.3631 0.1037 0.3518 0.1004 0.3631 0.1004 0.4708 0.1037 0.4655 0.1004 0.4708 0.1004 0.4806 0.1037 0.4708 0.1004 0.4806 0.1004 0.4864 0.1037 0.4806 0.1004 0.4864 0.1004 0.4922 0.1037 0.4864 0.1004 0.4922 0.1004 0.502 0.1037 0.4922 0.1004 0.502 0.1004 0.5073 0.1037 0.502 0.1004 0.5073 0.1004 0.438 0.1037 0.4268 0.1004 0.438 0.1004 0.4462 0.1037 0.438 0.1004 0.4462 0.1004 0.4543 0.1037 0.4462 0.1004 0.4543 0.1004 0.4655 0.1037 0.4543 0.1004 0.4655 0.1004 0.04579997 0.4293 0.2601 0.4293 0.2597 0.4352 0.2943 0.4635 0.2943 0.5876 0.2883 0.5871 0.2601 0.6218 0.04579997 0.6218 0.04619997 0.6158 0.01749998 0.5871 0.0115 0.5876 0.0115 0.4635 0.2601 0.4293 0.2742 0.4315 0.2722 0.437 0.04619997 0.4352 0.03359997 0.437 0.03169995 0.4315 0.2943 0.5876 0.2921 0.6016 0.2865 0.5997 0.04579997 0.6218 0.03169995 0.6195 0.03359997 0.614 0.2742 0.4315 0.2853 0.4383 0.2812 0.4424 0.2853 0.4383 0.2921 0.4494 0.2865 0.4514 0.2921 0.4494 0.2943 0.4635 0.2883 0.4639 0.03359997 0.437 0.02469998 0.4424 0.02059996 0.4383 0.02469998 0.4424 0.01929998 0.4514 0.01379996 0.4494 0.01929998 0.4514 0.01749998 0.4639 0.0115 0.4635 0.2921 0.6016 0.2853 0.6127 0.2812 0.6086 0.2853 0.6127 0.2742 0.6195 0.2722 0.614 0.2742 0.6195 0.2601 0.6218 0.2597 0.6158 0.03169995 0.6195 0.02059996 0.6127 0.02469998 0.6086 0.02059996 0.6127 0.01379996 0.6016 0.01929998 0.5997 0.01379996 0.6016 0.0115 0.5876 0.01749998 0.5871 0.2597 0.4352 0.2589 0.4458 0.04689997 0.4458 0.01749998 0.2774 0.01929998 0.2648 0.2865 0.2648 0.2883 0.5871 0.2778 0.5864 0.2778 0.4646 0.04619997 0.6158 0.04689997 0.6052 0.2589 0.6052 0.02809995 0.5864 0.01749998 0.5871 0.01749998 0.4639 0.2597 0.4352 0.2722 0.437 0.2687 0.447 0.03719997 0.447 0.03359997 0.437 0.04619997 0.4352 0.2883 0.5871 0.2865 0.5997 0.2766 0.5961 0.04619997 0.6158 0.03359997 0.614 0.03719997 0.604 0.2722 0.437 0.2812 0.4424 0.2737 0.4499 0.2737 0.4499 0.2812 0.4424 0.2865 0.4514 0.2766 0.4549 0.2865 0.4514 0.2883 0.4639 0.03219997 0.4499 0.02469998 0.4424 0.03359997 0.437 0.01929998 0.4514 0.02469998 0.4424 0.03219997 0.4499 0.01749998 0.4639 0.01929998 0.4514 0.02929997 0.4549 0.2865 0.5997 0.2812 0.6086 0.2737 0.6011 0.2737 0.6011 0.2812 0.6086 0.2722 0.614 0.2687 0.604 0.2722 0.614 0.2597 0.6158 0.03359997 0.614 0.02469998 0.6086 0.03219997 0.6011 0.03219997 0.6011 0.02469998 0.6086 0.01929998 0.5997 0.02929997 0.5961 0.01929998 0.5997 0.01749998 0.5871 0.2778 0.5864 0.02809995 0.5864 0.02809995 0.4648 0.4734 0.06489998 0.4381 0.06489998 0.4381 0.05439996 0.5629 0.1751 0.5629 0.1446 0.5735 0.1446 0.4027 0.2243 0.4381 0.2243 0.4381 0.2348999 0.3133 0.1139 0.3133 0.1444 0.3027 0.1446 0.5448 0.05439996 0.5574 0.05619996 0.5538 0.0661 0.3223 0.0661 0.3188 0.05619996 0.3313 0.05439996 0.5735 0.2062 0.5717 0.2188 0.5617 0.2152 0.3313 0.2348999 0.3188 0.2330999 0.3223 0.2231 0.5574 0.05619996 0.5663 0.06149995 0.5588 0.069 0.5588 0.069 0.5663 0.06149995 0.5717 0.07059997 0.5617 0.074 0.5717 0.07059997 0.5735 0.083 0.3173 0.069 0.3099 0.06149995 0.3188 0.05619996 0.3045 0.07059997 0.3099 0.06149995 0.3173 0.069 0.3027 0.083 0.3045 0.07059997 0.3145 0.074 0.5717 0.2188 0.5663 0.2276999 0.5588 0.2202 0.5588 0.2202 0.5663 0.2276999 0.5574 0.2330999 0.5538 0.2231 0.5574 0.2330999 0.5448 0.2348999 0.3188 0.2330999 0.3099 0.2276999 0.3173 0.2202 0.3173 0.2202 0.3099 0.2276999 0.3045 0.2188 0.3145 0.2152 0.3045 0.2188 0.3027 0.2062 0.1875 0.2291 0.1877 0.2343 0.1521 0.2343 0.2875 0.1441 0.2822 0.1441 0.2822 0.1134 0.1166 0.05909997 0.1165 0.05379998 0.1521 0.05379998 0.01669996 0.1441 0.02199995 0.1442 0.02199995 0.1748 0.2588 0.2343 0.2585 0.2291 0.2696 0.2276 0.04529994 0.2343 0.03279995 0.2325 0.03459995 0.2276 0.2875 0.08249998 0.2822 0.08279997 0.2807 0.07169997 0.04529994 0.05379998 0.04569995 0.05909997 0.03459995 0.06059998 0.2714 0.2325 0.2696 0.2276 0.2766 0.2233999 0.2857 0.2181 0.2803 0.2272 0.2766 0.2233999 0.2875 0.2057 0.2857 0.2181 0.2807 0.2164 0.03279995 0.2325 0.02389997 0.2272 0.02759999 0.2233999 0.01849997 0.2181 0.02349996 0.2164 0.02759999 0.2233999 0.01669996 0.2057 0.02199995 0.2055 0.02349996 0.2164 0.2857 0.06989997 0.2807 0.07169997 0.2766 0.0647 0.2714 0.05559998 0.2803 0.06099998 0.2766 0.0647 0.2588 0.05379998 0.2714 0.05559998 0.2696 0.06059998 0.03279995 0.05559998 0.03459995 0.06059998 0.02759999 0.0647 0.01849997 0.06989997 0.02389997 0.06099998 0.02759999 0.0647 0.01669996 0.08249998 0.01849997 0.06989997 0.02349996 0.07169997 0.4391 0.04479998 0.4334 0.04479998 0.4334 0.03339999 0.4449 0.04479998 0.4391 0.04479998 0.4391 0.03339999 0.4547 0.04479998 0.4449 0.04479998 0.4449 0.03339999 0.5254 0.04479998 0.5254 0.03339999 0.5607 0.03339999 0.5842 0.06519997 0.5842 0.05539995 0.5956 0.05539995 0.5842 0.07099997 0.5842 0.06519997 0.5956 0.06519997 0.5842 0.07679998 0.5842 0.07099997 0.5956 0.07099997 0.5842 0.0866 0.5842 0.07679998 0.5956 0.07679998 0.5842 0.1172 0.5956 0.1172 0.5956 0.1479 0.03729999 0.04479998 0.02739995 0.04459995 0.02739995 0.03339999 0.04299998 0.04479998 0.03729999 0.04479998 0.03729999 0.03339999 0.04879999 0.04479998 0.04299998 0.04479998 0.04299998 0.03339999 0.05859994 0.04479998 0.04879999 0.04479998 0.04879999 0.03339999 0.1292999 0.04479998 0.1292999 0.03339999 0.1646 0.03339999 0.2804 0.04479998 0.2706 0.04479998 0.2706 0.03339999 0.2862 0.04479998 0.2804 0.04479998 0.2804 0.03339999 0.292 0.04479998 0.2862 0.04479998 0.2862 0.03339999 0.3018 0.04479998 0.292 0.04479998 0.292 0.03339999 0.3322 0.04479998 0.3322 0.03339999 0.3627 0.03339999 0.4334 0.04479998 0.4235 0.04479998 0.4235 0.03339999 0.4639 0.01999998 0.4535 0.01999998 0.4535 0.01429998 0.4535 0.01999998 0.4408 0.01999998 0.4408 0.01429998 0.3484 0.01999998 0.3484 0.01429998 0.3792 0.01429998 0.3176 0.01999998 0.3049 0.01999998 0.3049 0.01429998 0.3049 0.01999998 0.2945 0.01999998 0.2945 0.01429998 0.2945 0.01999998 0.284 0.01999998 0.284 0.01429998 0.284 0.01999998 0.2713 0.01999998 0.2713 0.01429998 0.1291 0.01999998 0.1291 0.01429998 0.1646 0.01429998 0.05789995 0.01999998 0.04519999 0.01999998 0.04519999 0.01429998 0.04519999 0.01999998 0.03479999 0.01999998 0.03479999 0.01429998 0.03479999 0.01999998 0.02429997 0.01999998 0.02429997 0.01429998 0.02429997 0.01999998 0.01169997 0.01999998 0.01169997 0.01429998 0.7775 0.01999998 0.7775 0.01429998 0.8083 0.01429998 0.7467 0.01999998 0.734 0.01999998 0.734 0.01429998 0.734 0.01999998 0.7236 0.01999998 0.7236 0.01429998 0.7236 0.01999998 0.7132 0.01999998 0.7132 0.01429998 0.7132 0.01999998 0.7004 0.01999998 0.7004 0.01429998 0.5582 0.01999998 0.5582 0.01429998 0.5937 0.01429998 0.487 0.01999998 0.4743 0.01999998 0.4743 0.01429998 0.4743 0.01999998 0.4639 0.01999998 0.4639 0.01429998 0.1521 0.2291 0.1166 0.2291 0.1168 0.2238 0.2769 0.1745 0.2769 0.1441 0.2822 0.1441 0.1521 0.05909997 0.1875 0.05909997 0.1874 0.06439995 0.0273 0.1138 0.0273 0.1444 0.02199995 0.1442 0.1717 0.1360999 0.177 0.1360999 0.177 0.1556 0.177 0.1360999 0.1868 0.1360999 0.1868 0.1556 0.1868 0.1360999 0.1926 0.1360999 0.1926 0.1556 0.1926 0.1360999 0.1983 0.1360999 0.1983 0.1556 0.1983 0.1360999 0.2082 0.1360999 0.2082 0.1556 0.2082 0.1360999 0.2134 0.1360999 0.2134 0.1556 0.133 0.1360999 0.1442 0.1360999 0.1442 0.1556 0.1442 0.1360999 0.1523 0.1360999 0.1523 0.1556 0.1523 0.1360999 0.1604 0.1360999 0.1604 0.1556 0.1604 0.1360999 0.1717 0.1360999 0.1717 0.1556 0.1021 0.1360999 0.1119 0.1360999 0.1119 0.1556 0.1119 0.1360999 0.1172 0.1360999 0.1172 0.1556 0.03669995 0.1360999 0.04799997 0.1360999 0.04799997 0.1556 0.04799997 0.1360999 0.05609995 0.1360999 0.05609995 0.1556 0.05609995 0.1360999 0.06419998 0.1360999 0.06419998 0.1556 0.06419998 0.1360999 0.07539999 0.1360999 0.07539999 0.1556 0.07539999 0.1360999 0.08069998 0.136 0.08069998 0.1554999 0.08069998 0.136 0.09049999 0.1360999 0.09049999 0.1556 0.09049999 0.1360999 0.0963 0.1360999 0.0963 0.1556 0.0963 0.1360999 0.1021 0.1360999 0.1021 0.1556 0.3631 0.1394 0.3683 0.1394 0.3683 0.1589 0.3683 0.1394 0.3782 0.1394 0.3782 0.1589 0.3782 0.1394 0.3839 0.1394 0.3839 0.1589 0.3839 0.1394 0.3897 0.1394 0.3897 0.1589 0.3897 0.1394 0.3995 0.1394 0.3995 0.1589 0.3995 0.1394 0.4048 0.1394 0.4048 0.1589 0.3244 0.1394 0.3356 0.1394 0.3356 0.1589 0.3356 0.1394 0.3437 0.1394 0.3437 0.1589 0.3437 0.1394 0.3518 0.1394 0.3518 0.1589 0.3518 0.1394 0.3631 0.1394 0.3631 0.1589 0.4655 0.1394 0.4708 0.1394 0.4708 0.1589 0.4708 0.1394 0.4806 0.1394 0.4806 0.1589 0.4806 0.1394 0.4864 0.1394 0.4864 0.1589 0.4864 0.1394 0.4922 0.1394 0.4922 0.1589 0.4922 0.1394 0.502 0.1394 0.502 0.1589 0.502 0.1394 0.5073 0.1394 0.5073 0.1589 0.4268 0.1394 0.438 0.1394 0.438 0.1589 0.438 0.1394 0.4462 0.1394 0.4462 0.1589 0.4462 0.1394 0.4543 0.1394 0.4543 0.1589 0.4543 0.1394 0.4655 0.1394 0.4655 0.1589 0.4007 0.4691 0.3947 0.4691 0.3947 0.2516 0.323 0.4684 0.3169 0.4684 0.3169 0.2509 0.3032 0.4674 0.3032 0.2519 0.3169 0.2509 0.4007 0.2516 0.4145 0.2526 0.4145 0.4681 0.381 0.4681 0.381 0.2526 0.3947 0.2516 0.323 0.2509 0.3367 0.2519 0.3367 0.4674 0.3601 0.4691 0.3601 0.2516 0.3541 0.2516 0.4436 0.4684 0.4436 0.2509 0.4376 0.2509 0.4238 0.4674 0.4376 0.4684 0.4376 0.2509 0.3738 0.4681 0.3738 0.2526 0.3601 0.2516 0.3404 0.4681 0.3541 0.4691 0.3541 0.2516 0.4573 0.4674 0.4573 0.2519 0.4436 0.2509 0.4639 0.01429998 0.4535 0.01429998 0.4535 0.01139998 0.4535 0.01999998 0.4639 0.01999998 0.4639 0.02279996 0.4535 0.01429998 0.4408 0.01429998 0.4408 0.01139998 0.4408 0.01999998 0.4535 0.01999998 0.4535 0.02279996 0.3484 0.01429998 0.3484 0.01139998 0.3792 0.01139998 0.41 0.01999998 0.41 0.02279996 0.3792 0.02279996 0.3176 0.01429998 0.3049 0.01429998 0.3049 0.01139998 0.3049 0.01999998 0.3176 0.01999998 0.3176 0.02279996 0.3049 0.01429998 0.2945 0.01429998 0.2945 0.01139998 0.2945 0.01999998 0.3049 0.01999998 0.3049 0.02279996 0.2945 0.01429998 0.284 0.01429998 0.284 0.01139998 0.284 0.01999998 0.2945 0.01999998 0.2945 0.02279996 0.284 0.01429998 0.2714 0.01429998 0.2714 0.01139998 0.2714 0.01999998 0.284 0.01999998 0.284 0.02279996 0.129 0.01429998 0.129 0.01139998 0.1646 0.01139998 0.2002 0.01999998 0.2002 0.02279996 0.1646 0.02279996 0.05789995 0.01429998 0.04519999 0.01429998 0.04519999 0.01139998 0.04519999 0.01999998 0.05789995 0.01999998 0.05789995 0.02279996 0.04519999 0.01429998 0.03479999 0.01429998 0.03479999 0.01139998 0.03479999 0.01999998 0.04519999 0.01999998 0.04519999 0.02279996 0.03479999 0.01429998 0.02429997 0.01429998 0.02429997 0.01139998 0.02429997 0.01999998 0.03479999 0.01999998 0.03479999 0.02279996 0.02429997 0.01429998 0.01169997 0.01429998 0.01169997 0.01139998 0.01169997 0.01999998 0.02429997 0.01999998 0.02429997 0.02279996 0.7775 0.01429998 0.7775 0.01139998 0.8083 0.01139998 0.8391 0.01999998 0.8391 0.02279996 0.8083 0.02279996 0.7467 0.01429998 0.734 0.01429998 0.734 0.01139998 0.734 0.01999998 0.7467 0.01999998 0.7467 0.02279996 0.734 0.01429998 0.7236 0.01429998 0.7236 0.01139998 0.7236 0.01999998 0.734 0.01999998 0.734 0.02279996 0.7236 0.01429998 0.7132 0.01429998 0.7132 0.01139998 0.7132 0.01999998 0.7236 0.01999998 0.7236 0.02279996 0.7132 0.01429998 0.7005 0.01429998 0.7005 0.01139998 0.7005 0.01999998 0.7132 0.01999998 0.7132 0.02279996 0.5582 0.01429998 0.5582 0.01139998 0.5937 0.01139998 0.6293 0.01999998 0.6293 0.02279996 0.5937 0.02279996 0.487 0.01429998 0.4743 0.01429998 0.4743 0.01139998 0.4743 0.01999998 0.487 0.01999998 0.487 0.02279996 0.4743 0.01429998 0.4639 0.01429998 0.4639 0.01139998 0.4639 0.01999998 0.4743 0.01999998 0.4743 0.02279996 0.4535 0.01429998 0.4639 0.01429998 0.4639 0.01429998 0.4743 0.01429998 0.4743 0.01429998 0.4639 0.01429998 0.487 0.01429998 0.487 0.01429998 0.4743 0.01429998 0.5937 0.01429998 0.5937 0.01429998 0.5582 0.01429998 0.7005 0.01429998 0.7132 0.01429998 0.7132 0.01429998 0.7132 0.01429998 0.7236 0.01429998 0.7236 0.01429998 0.734 0.01429998 0.734 0.01429998 0.7236 0.01429998 0.7467 0.01429998 0.7467 0.01429998 0.734 0.01429998 0.8083 0.01429998 0.8083 0.01429998 0.7775 0.01429998 0.01169997 0.01429998 0.02429997 0.01429998 0.02429997 0.01429998 0.02429997 0.01429998 0.03479999 0.01429998 0.03479999 0.01429998 0.04519999 0.01429998 0.04519999 0.01429998 0.03479999 0.01429998 0.05789995 0.01429998 0.05789995 0.01429998 0.04519999 0.01429998 0.1646 0.01429998 0.1646 0.01429998 0.1291 0.01429998 0.2714 0.01429998 0.284 0.01429998 0.284 0.01429998 0.284 0.01429998 0.2945 0.01429998 0.2945 0.01429998 0.3049 0.01429998 0.3049 0.01429998 0.2945 0.01429998 0.3176 0.01429998 0.3176 0.01429998 0.3049 0.01429998 0.3792 0.01429998 0.3792 0.01429998 0.3484 0.01429998 0.4408 0.01429998 0.4535 0.01429998 0.4535 0.01429998 0.4535 0.01999998 0.4535 0.01999998 0.4639 0.01999998 0.4408 0.01999998 0.4408 0.01999998 0.4535 0.01999998 0.3792 0.01999998 0.3792 0.01999998 0.41 0.01999998 0.3176 0.01999998 0.3049 0.01999998 0.3049 0.01999998 0.3049 0.01999998 0.2945 0.01999998 0.2945 0.01999998 0.284 0.01999998 0.284 0.01999998 0.2945 0.01999998 0.2714 0.01999998 0.2713 0.01999998 0.284 0.01999998 0.1646 0.01999998 0.1646 0.01999998 0.2002 0.01999998 0.05789995 0.01999998 0.04519999 0.01999998 0.04519999 0.01999998 0.04519999 0.01999998 0.03479999 0.01999998 0.03479999 0.01999998 0.02429997 0.01999998 0.02429997 0.01999998 0.03479999 0.01999998 0.01169997 0.01999998 0.01169997 0.01999998 0.02429997 0.01999998 0.8083 0.01999998 0.8083 0.01999998 0.8391 0.01999998 0.7467 0.01999998 0.734 0.01999998 0.734 0.01999998 0.734 0.01999998 0.7236 0.01999998 0.7236 0.01999998 0.7132 0.01999998 0.7132 0.01999998 0.7236 0.01999998 0.7005 0.01999998 0.7004 0.01999998 0.7132 0.01999998 0.5937 0.01999998 0.5937 0.01999998 0.6293 0.01999998 0.487 0.01999998 0.4743 0.01999998 0.4743 0.01999998 0.4743 0.01999998 0.4639 0.01999998 0.4639 0.01999998 0.5549 0.4694 0.5495 0.4694 0.5495 0.2475 0.5954 0.4711 0.59 0.4711 0.59 0.2492 0.5359 0.4694 0.5359 0.2475 0.5495 0.2475 0.609 0.2492 0.609 0.4711 0.5954 0.4711 0.5765 0.4711 0.5765 0.2492 0.59 0.2492 0.5684 0.2475 0.5684 0.4694 0.5549 0.4694 0.481 0.4694 0.481 0.2475 0.4757 0.2475 0.5145 0.4704 0.5145 0.2485 0.5092 0.2485 0.4621 0.4694 0.4757 0.4694 0.4757 0.2475 0.5281 0.2485 0.5145 0.2485 0.5145 0.4704 0.4956 0.4704 0.5092 0.4704 0.5092 0.2485 0.4946 0.2475 0.481 0.2475 0.481 0.4694 0.5565 0.6993 0.5565 0.4784 0.548 0.4784 0.4643 0.4784 0.4643 0.6993 0.4728 0.6993 0.4883 0.6993 0.4883 0.4784 0.4799 0.4784 0.5324 0.4784 0.5324 0.6993 0.5409 0.6993 0.4799 0.4784 0.4728 0.4784 0.4728 0.6993 0.4572 0.6993 0.4643 0.6993 0.4643 0.4784 0.5409 0.6993 0.548 0.6993 0.548 0.4784 0.5636 0.4784 0.5565 0.4784 0.5565 0.6993 0.594 0.6993 0.5855 0.6993 0.5855 0.4784 0.5018 0.4784 0.5103 0.4784 0.5103 0.6993 0.5258 0.6993 0.5174 0.6993 0.5174 0.4784 0.5699 0.4784 0.5784 0.4784 0.5784 0.6993 0.5174 0.4784 0.5174 0.6993 0.5103 0.6993 0.4947 0.6993 0.4947 0.4784 0.5018 0.4784 0.5784 0.6993 0.5784 0.4784 0.5855 0.4784 0.6011 0.4784 0.6011 0.6993 0.594 0.6993 0.3721 0.7004 0.3721 0.4795 0.3636 0.4795 0.4442 0.7004 0.4442 0.4795 0.4358 0.4795 0.3913 0.4795 0.3913 0.7004 0.3997 0.7004 0.3179 0.4795 0.3179 0.7004 0.3264 0.7004 0.4153 0.7004 0.4153 0.4795 0.4068 0.4795 0.3419 0.7004 0.3419 0.4795 0.3335 0.4795 0.3481 0.4795 0.3481 0.7004 0.3565 0.7004 0.4202 0.4795 0.4202 0.7004 0.4286 0.7004 0.4068 0.4795 0.3997 0.4795 0.3997 0.7004 0.3841 0.7004 0.3913 0.7004 0.3913 0.4795 0.3335 0.4795 0.3264 0.4795 0.3264 0.7004 0.3108 0.7004 0.3179 0.7004 0.3179 0.4795 0.4286 0.7004 0.4358 0.7004 0.4358 0.4795 0.4513 0.4795 0.4442 0.4795 0.4442 0.7004 0.3565 0.7004 0.3636 0.7004 0.3636 0.4795 0.3792 0.4795 0.3721 0.4795 0.3721 0.7004 0.7074 0.3409 0.6989 0.3409 0.6989 0.12 0.7795 0.3409 0.771 0.3409 0.771 0.12 0.7265 0.12 0.735 0.12 0.735 0.3409 0.6532 0.12 0.6616 0.12 0.6616 0.3409 0.7506 0.3409 0.7421 0.3409 0.7421 0.12 0.6772 0.3409 0.6688 0.3409 0.6688 0.12 0.6833 0.12 0.6918 0.12 0.6918 0.3409 0.7554 0.12 0.7639 0.12 0.7639 0.3409 0.7421 0.12 0.7421 0.3409 0.735 0.3409 0.7194 0.3409 0.7194 0.12 0.7265 0.12 0.6688 0.12 0.6688 0.3409 0.6616 0.3409 0.646 0.3409 0.646 0.12 0.6532 0.12 0.7639 0.3409 0.7639 0.12 0.771 0.12 0.7866 0.12 0.7866 0.3409 0.7795 0.3409 0.6918 0.3409 0.6918 0.12 0.6989 0.12 0.7145 0.12 0.7145 0.3409 0.7074 0.3409 0.6898 0.7007 0.6898 0.347 0.695 0.347 0.7145 0.7007 0.7145 0.347 0.7197 0.347 0.6532 0.347 0.6532 0.7007 0.648 0.7007 0.7362 0.7007 0.7362 0.347 0.7414 0.347 0.6196 0.7007 0.6196 0.347 0.6248 0.347 0.6764 0.347 0.6764 0.7007 0.6712 0.7007 0.695 0.7007 0.695 0.347 0.7 0.347 0.7414 0.7007 0.7414 0.347 0.7464 0.347 0.6898 0.347 0.6898 0.7007 0.6847 0.7007 0.7362 0.347 0.7362 0.7007 0.7312 0.7007 0.7197 0.7007 0.7197 0.347 0.7247 0.347 0.6248 0.7007 0.6248 0.347 0.6299 0.347 0.7145 0.347 0.7145 0.7007 0.7095 0.7007 0.6196 0.347 0.6196 0.7007 0.6146 0.7007 0.648 0.347 0.648 0.7007 0.643 0.7007 0.6712 0.347 0.6712 0.7007 0.6662 0.7007 0.6532 0.7007 0.6532 0.347 0.6582 0.347 0.6764 0.7007 0.6764 0.347 0.6815 0.347 0.7516 0.347 0.7516 0.7007 0.7464 0.7007 0.7052 0.347 0.7052 0.7007 0.7 0.7007 0.635 0.347 0.635 0.7007 0.6299 0.7007 0.7299 0.347 0.7299 0.7007 0.7247 0.7007 0.661 0.7007 0.661 0.347 0.6662 0.347 0.6378 0.7007 0.6378 0.347 0.643 0.347 0.3328 0.07639998 0.4885 0.07639998 0.4885 0.08039999 0.205 0.0841 0.04929995 0.0841 0.04929995 0.08009999 0.2314 0.2222 0.2314 0.0665 0.2354 0.0665 0.2566 0.2222 0.2566 0.06659996 0.2606 0.06659996 0.2354 0.2222 0.2354 0.0665 0.2393 0.0665 0.3328 0.08039999 0.4885 0.08039999 0.4885 0.08419996 0.4885 0.07639998 0.3328 0.07639998 0.3328 0.07249999 0.2314 0.0665 0.2314 0.2222 0.2275 0.2222 0.205 0.08009999 0.04929995 0.08009999 0.04929995 0.0762 0.2606 0.2222 0.2606 0.06659996 0.2645 0.06659996 0.2566 0.06659996 0.2566 0.2222 0.2528 0.2222 0.04929995 0.0841 0.205 0.0841 0.205 0.08789998 0.4885 0.08819997 0.3328 0.08819997 0.3328 0.08419996 0.2432 0.0665 0.2432 0.2222 0.2393 0.2222 0.2685 0.06659996 0.2685 0.2222 0.2645 0.2222 0.04929995 0.0722 0.205 0.0722 0.205 0.0762 0.6363 0.3417 0.6363 0.1208 0.6278 0.1208 0.6123 0.1208 0.6123 0.3417 0.6207 0.3417 0.6207 0.3417 0.6278 0.3417 0.6278 0.1208 0.6434 0.1208 0.6363 0.1208 0.6363 0.3417 0.9892 0.5692 0.9808 0.5692 0.9808 0.3483 0.9652 0.3483 0.9736 0.3483 0.9736 0.5692 0.9736 0.5692 0.9736 0.3483 0.9808 0.3483 0.9963 0.3483 0.9963 0.5692 0.9892 0.5692 0.5177 0.09609997 0.5218 0.09609997 0.5218 0.1497 0.5219 0.2135 0.5178 0.2135 0.5178 0.1599 0.5495 0.1493 0.5454 0.1493 0.5454 0.0956 0.5452 0.1605 0.5493 0.1605 0.5493 0.2142 0.5454 0.1493 0.5413 0.1493 0.5413 0.0956 0.5412 0.1605 0.5452 0.1605 0.5452 0.2142 0.5218 0.09609997 0.5258 0.09609997 0.5258 0.1497 0.5259 0.2135 0.5219 0.2135 0.5219 0.1599 0.5178 0.2135 0.5137 0.2135 0.5137 0.1599 0.5137 0.09609997 0.5177 0.09609997 0.5177 0.1497 0.5493 0.1605 0.5534 0.1605 0.5534 0.2142 0.5535 0.1493 0.5495 0.1493 0.5495 0.0956 0.53 0.2135 0.5259 0.2135 0.5259 0.1599 0.5258 0.09609997 0.5299 0.09609997 0.5299 0.1497 0.5371 0.1605 0.5412 0.1605 0.5412 0.2142 0.5413 0.1493 0.5372 0.1493 0.5372 0.0956 0.9094 0.1071 0.8359 0.1071 0.8359 0.03189998 0.9138 0.1071 0.9138 0.03189998 0.9873 0.03189998 0.9138 0.03189998 0.9138 0.1071 0.9094 0.1071 0.7495 0.1053 0.7495 0.0302 0.676 0.0302 0.7539 0.1053 0.8274 0.1053 0.8274 0.0302 0.7539 0.0302 0.7495 0.0302 0.7495 0.1053 0.9689 0.6995 0.9689 0.583 0.9734 0.583 0.9017 0.6995 0.9017 0.583 0.9062 0.583 0.8345 0.6995 0.8345 0.583 0.839 0.583 0.9465 0.6995 0.9465 0.583 0.951 0.583 0.9241 0.6995 0.9241 0.583 0.9286 0.583 0.7897 0.6995 0.7897 0.583 0.7942 0.583 0.8723 0.5701 0.8681 0.5701 0.8681 0.3517 0.8931 0.5701 0.889 0.5701 0.889 0.3517 0.914 0.5701 0.9098 0.5701 0.9098 0.3517 0.9265 0.3517 0.9307 0.3517 0.9307 0.5701 0.9473 0.3517 0.9515 0.3517 0.9515 0.5701 0.7941 0.125 0.7983 0.125 0.7983 0.3434 0.815 0.125 0.8192 0.125 0.8192 0.3434 0.8358 0.125 0.84 0.125 0.84 0.3434 0.865 0.3434 0.8609 0.3434 0.8609 0.125 0.8859 0.3434 0.8817 0.3434 0.8817 0.125 0.9059 0.3407 0.9017 0.3407 0.9017 0.1223 0.9267 0.3407 0.9225 0.3407 0.9225 0.1223 0.9476 0.3407 0.9434 0.3407 0.9434 0.1223 0.9601 0.1223 0.9642 0.1223 0.9642 0.3407 0.9809 0.1223 0.9851 0.1223 0.9851 0.3407 0.7596 0.3521 0.7638 0.3521 0.7638 0.5705 0.7804 0.3521 0.7846 0.3521 0.7846 0.5705 0.8013 0.3521 0.8055 0.3521 0.8055 0.5705 0.8305 0.5705 0.8263 0.5705 0.8263 0.3521 0.8514 0.5705 0.8472 0.5705 0.8472 0.3521 0.9734 0.583 0.9773 0.583 0.9773 0.6995 0.9062 0.583 0.9101 0.583 0.9101 0.6995 0.839 0.583 0.8429 0.583 0.8429 0.6995 0.8799 0.583 0.8838 0.583 0.8838 0.6995 0.8575 0.583 0.8614 0.583 0.8614 0.6995 0.951 0.583 0.9549 0.583 0.9549 0.6995 0.9286 0.583 0.9325 0.583 0.9325 0.6995 0.7942 0.583 0.7981 0.583 0.7981 0.6995 0.7679 0.583 0.7718 0.583 0.7718 0.6995 0.8082 0.583 0.8121 0.583 0.8121 0.6995 0.8681 0.3517 0.8681 0.5701 0.8645 0.5701 0.8723 0.5701 0.8723 0.3517 0.8759 0.3517 0.889 0.3517 0.889 0.5701 0.8853 0.5701 0.8931 0.5701 0.8931 0.3517 0.8968 0.3517 0.9098 0.3517 0.9098 0.5701 0.9062 0.5701 0.914 0.5701 0.914 0.3517 0.9176 0.3517 0.9307 0.5701 0.9307 0.3517 0.9343 0.3517 0.9265 0.3517 0.9265 0.5701 0.9229 0.5701 0.9515 0.5701 0.9515 0.3517 0.9552 0.3517 0.9473 0.3517 0.9473 0.5701 0.9437 0.5701 0.7983 0.3434 0.7983 0.125 0.8019 0.125 0.7941 0.125 0.7941 0.3434 0.7905 0.3434 0.8192 0.3434 0.8192 0.125 0.8228 0.125 0.815 0.125 0.815 0.3434 0.8113 0.3434 0.84 0.3434 0.84 0.125 0.8436 0.125 0.8358 0.125 0.8358 0.3434 0.8322 0.3434 0.8609 0.125 0.8609 0.3434 0.8572 0.3434 0.865 0.3434 0.865 0.125 0.8687 0.125 0.8817 0.125 0.8817 0.3434 0.8781 0.3434 0.8859 0.3434 0.8859 0.125 0.8895 0.125 0.9017 0.1223 0.9017 0.3407 0.898 0.3407 0.9059 0.3407 0.9059 0.1223 0.9095 0.1223 0.9225 0.1223 0.9225 0.3407 0.9189 0.3407 0.9267 0.3407 0.9267 0.1223 0.9303 0.1223 0.9434 0.1223 0.9434 0.3407 0.9398 0.3407 0.9476 0.3407 0.9476 0.1223 0.9512 0.1223 0.9642 0.3407 0.9642 0.1223 0.9679 0.1223 0.9601 0.1223 0.9601 0.3407 0.9564 0.3407 0.9851 0.3407 0.9851 0.1223 0.9887 0.1223 0.9809 0.1223 0.9809 0.3407 0.9773 0.3407 0.7638 0.5705 0.7638 0.3521 0.7674 0.3521 0.7596 0.3521 0.7596 0.5705 0.756 0.5705 0.7846 0.5705 0.7846 0.3521 0.7883 0.3521 0.7804 0.3521 0.7804 0.5705 0.7768 0.5705 0.8055 0.5705 0.8055 0.3521 0.8091 0.3521 0.8013 0.3521 0.8013 0.5705 0.7977 0.5705 0.8263 0.3521 0.8263 0.5705 0.8227 0.5705 0.8305 0.5705 0.8305 0.3521 0.8341 0.3521 0.8472 0.3521 0.8472 0.5705 0.8435 0.5705 0.8514 0.5705 0.8514 0.3521 0.855 0.3521 0.8799 0.6995 0.8754 0.6995 0.8754 0.583 0.8575 0.6995 0.853 0.6995 0.853 0.583 0.7679 0.6995 0.7634 0.6995 0.7634 0.583 0.825 0.6995 0.8205 0.6995 0.8205 0.583 0.9689 0.6995 0.965 0.6995 0.965 0.583 0.9017 0.6995 0.8978 0.6995 0.8978 0.583 0.8345 0.6995 0.8306 0.6995 0.8306 0.583 0.8922 0.6995 0.8883 0.6995 0.8883 0.583 0.8698 0.6995 0.8659 0.6995 0.8659 0.583 0.9465 0.6995 0.9426 0.6995 0.9426 0.583 0.9241 0.6995 0.9202 0.6995 0.9202 0.583 0.7897 0.6995 0.7858 0.6995 0.7858 0.583 0.7802 0.6995 0.7763 0.6995 0.7763 0.583 0.8205 0.6995 0.8166 0.6995 0.8166 0.583 0.8883 0.6995 0.8838 0.6995 0.8838 0.583 0.8659 0.6995 0.8614 0.6995 0.8614 0.583 0.7718 0.6995 0.7718 0.583 0.7763 0.583 0.8121 0.6995 0.8121 0.583 0.8166 0.583 0.8603 0.3517 0.8645 0.3517 0.8645 0.5701 0.8811 0.3517 0.8853 0.3517 0.8853 0.5701 0.902 0.3517 0.9062 0.3517 0.9062 0.5701 0.9343 0.5701 0.9343 0.3517 0.9385 0.3517 0.9552 0.5701 0.9552 0.3517 0.9593 0.3517 0.8019 0.3434 0.8019 0.125 0.8061 0.125 0.8228 0.3434 0.8228 0.125 0.827 0.125 0.8436 0.3434 0.8436 0.125 0.8478 0.125 0.853 0.125 0.8572 0.125 0.8572 0.3434 0.8739 0.125 0.8781 0.125 0.8781 0.3434 0.898 0.1223 0.898 0.3407 0.8939 0.3407 0.9189 0.1223 0.9189 0.3407 0.9147 0.3407 0.9398 0.1223 0.9398 0.3407 0.9356 0.3407 0.9721 0.3407 0.9679 0.3407 0.9679 0.1223 0.9929 0.3407 0.9887 0.3407 0.9887 0.1223 0.7716 0.5705 0.7674 0.5705 0.7674 0.3521 0.7924 0.5705 0.7883 0.5705 0.7883 0.3521 0.8133 0.5705 0.8091 0.5705 0.8091 0.3521 0.8227 0.3521 0.8227 0.5705 0.8185 0.5705 0.8435 0.3521 0.8435 0.5705 0.8394 0.5705 0.9818 0.6995 0.9773 0.6995 0.9773 0.583 0.9146 0.6995 0.9101 0.6995 0.9101 0.583 0.8474 0.6995 0.8429 0.6995 0.8429 0.583 0.9549 0.6995 0.9549 0.583 0.9594 0.583 0.9325 0.6995 0.9325 0.583 0.937 0.583 0.7981 0.6995 0.7981 0.583 0.8026 0.583 0.01539999 0.6298 0.01539999 0.8554 0.01969999 0.8554 0.2056 0.6298 0.2056 0.8554 0.21 0.8554 0.04259997 0.6298 0.04259997 0.8554 0.04689997 0.8554 0.06979995 0.8554 0.06979995 0.6298 0.06549996 0.6298 0.1784999 0.8554 0.1784999 0.6298 0.1741999 0.6298 0.7069 0.9386 0.7069 0.7131 0.7025 0.7131 0.8971 0.9386 0.8971 0.7131 0.8928 0.7131 0.734 0.9386 0.734 0.7131 0.7297 0.7131 0.7612 0.7131 0.7612 0.9386 0.7655 0.9386 0.8699 0.7131 0.8699 0.9386 0.8742 0.9386 0.01539999 0.6298 0.01059997 0.6298 0.01059997 0.8554 0.01969999 0.8554 0.02459996 0.8554 0.02459996 0.6298 0.2056 0.6298 0.2008 0.6298 0.2008 0.8554 0.21 0.8554 0.2148 0.8554 0.2148 0.6298 0.04259997 0.6298 0.03779995 0.6298 0.03779995 0.8554 0.04689997 0.8554 0.05169999 0.8554 0.05169999 0.6298 0.06979995 0.8554 0.07459998 0.8554 0.07459998 0.6298 0.06549996 0.6298 0.06059998 0.6298 0.06059998 0.8554 0.1784999 0.8554 0.1833 0.8554 0.1833 0.6298 0.1741999 0.6298 0.1693 0.6298 0.1693 0.8554 0.7069 0.9386 0.7117 0.9386 0.7117 0.7131 0.7025 0.7131 0.6977 0.7131 0.6977 0.9386 0.8971 0.9386 0.9019 0.9386 0.9019 0.7131 0.8928 0.7131 0.8879 0.7131 0.8879 0.9386 0.734 0.9386 0.7389 0.9386 0.7389 0.7131 0.7297 0.7131 0.7249 0.7131 0.7249 0.9386 0.7612 0.7131 0.7564 0.7131 0.7564 0.9386 0.7655 0.9386 0.7703 0.9386 0.7703 0.7131 0.8699 0.7131 0.8651 0.7131 0.8651 0.9386 0.8742 0.9386 0.879 0.9386 0.879 0.7131 0.01059997 0.8554 0.01059997 0.6298 0.006299972 0.6298 0.2008 0.8554 0.2008 0.6298 0.1965 0.6298 0.03779995 0.8554 0.03779995 0.6298 0.03349995 0.6298 0.07459998 0.6298 0.07459998 0.8554 0.07889997 0.8554 0.1833 0.6298 0.1833 0.8554 0.1876 0.8554 0.7117 0.7131 0.7117 0.9386 0.716 0.9386 0.9019 0.7131 0.9019 0.9386 0.9062 0.9386 0.7389 0.7131 0.7389 0.9386 0.7432 0.9386 0.7564 0.9386 0.7564 0.7131 0.7521 0.7131 0.8651 0.9386 0.8651 0.7131 0.8608 0.7131 0.09689998 0.6298 0.09689998 0.8554 0.1013 0.8554 0.1241 0.6298 0.1241 0.8554 0.1284 0.8554 0.01169997 0.876 0.2372 0.876 0.2372 0.8717 0.1513 0.8554 0.1513 0.6298 0.147 0.6298 0.2328 0.8554 0.2328 0.6298 0.2285 0.6298 0.7884 0.9386 0.7884 0.7131 0.7841 0.7131 0.8156 0.9386 0.8156 0.7131 0.8112 0.7131 0.6797 0.9386 0.6797 0.7131 0.6754 0.7131 0.8427 0.7131 0.8427 0.9386 0.847 0.9386 0.9243 0.7131 0.9243 0.9386 0.9286 0.9386 0.09689998 0.6298 0.09209996 0.6298 0.09209996 0.8554 0.1013 0.8554 0.1061 0.8554 0.1061 0.6298 0.1241 0.6298 0.1193 0.6298 0.1193 0.8554 0.1284 0.8554 0.1333 0.8554 0.1333 0.6298 0.01169997 0.876 0.01169997 0.8808 0.2372 0.8808 0.2372 0.8717 0.2372 0.8668 0.01169997 0.8668 0.1513 0.8554 0.1561 0.8554 0.1561 0.6298 0.147 0.6298 0.1421999 0.6298 0.1421999 0.8554 0.2328 0.8554 0.2376 0.8554 0.2376 0.6298 0.2285 0.6298 0.2237 0.6298 0.2237 0.8554 0.7884 0.9386 0.7932 0.9386 0.7932 0.7131 0.7841 0.7131 0.7792 0.7131 0.7792 0.9386 0.8156 0.9386 0.8204 0.9386 0.8204 0.7131 0.8112 0.7131 0.8064 0.7131 0.8064 0.9386 0.6797 0.9386 0.6845 0.9386 0.6845 0.7131 0.6754 0.7131 0.6705 0.7131 0.6705 0.9386 0.8427 0.7131 0.8379 0.7131 0.8379 0.9386 0.847 0.9386 0.8519 0.9386 0.8519 0.7131 0.9243 0.7131 0.9194 0.7131 0.9194 0.9386 0.9286 0.9386 0.9334 0.9386 0.9334 0.7131 0.09209996 0.8554 0.09209996 0.6298 0.08779996 0.6298 0.1193 0.8554 0.1193 0.6298 0.115 0.6298 0.2372 0.8808 0.01169997 0.8808 0.01169997 0.8851 0.1561 0.6298 0.1561 0.8554 0.1604 0.8554 0.2376 0.6298 0.2376 0.8554 0.242 0.8554 0.7932 0.7131 0.7932 0.9386 0.7975 0.9386 0.8204 0.7131 0.8204 0.9386 0.8247 0.9386 0.6845 0.7131 0.6845 0.9386 0.6888 0.9386 0.8379 0.9386 0.8379 0.7131 0.8336 0.7131 0.9194 0.9386 0.9194 0.7131 0.9151 0.7131 0.26 0.8554 0.26 0.6298 0.2557 0.6298 0.2872 0.8554 0.2872 0.6298 0.2829 0.6298 0.9514 0.7131 0.9514 0.9386 0.9557 0.9386 0.9786 0.7131 0.9786 0.9386 0.9829 0.9386 0.26 0.8554 0.2648 0.8554 0.2648 0.6298 0.2557 0.6298 0.2509 0.6298 0.2509 0.8554 0.2872 0.8554 0.292 0.8554 0.292 0.6298 0.2829 0.6298 0.278 0.6298 0.278 0.8554 0.9514 0.7131 0.9466 0.7131 0.9466 0.9386 0.9557 0.9386 0.9606 0.9386 0.9606 0.7131 0.9786 0.7131 0.9738 0.7131 0.9738 0.9386 0.9829 0.9386 0.9877 0.9386 0.9877 0.7131 0.2648 0.6298 0.2648 0.8554 0.2691 0.8554 0.292 0.6298 0.292 0.8554 0.2963 0.8554 0.9466 0.9386 0.9466 0.7131 0.9423 0.7131 0.9738 0.9386 0.9738 0.7131 0.9695 0.7131 0.3347 0.7117 0.339 0.7117 0.339 0.9372 0.01169997 0.9797 0.01169997 0.9754 0.2372 0.9754 0.7259 0.9831 0.7259 0.9788 0.9514 0.9788 0.9514 0.956 0.9514 0.9603 0.7259 0.9603 0.4769 0.9536 0.4769 0.9579 0.2514 0.9579 0.3857 0.9386 0.3814 0.9386 0.3814 0.7131 0.5759 0.9386 0.5716 0.9386 0.5716 0.7131 0.4129 0.9386 0.4086 0.9386 0.4086 0.7131 0.4401 0.7131 0.4444 0.7131 0.4444 0.9386 0.5488 0.7131 0.5531 0.7131 0.5531 0.9386 0.3347 0.7117 0.3347 0.9372 0.3299 0.9372 0.339 0.9372 0.339 0.7117 0.3439 0.7117 0.01169997 0.9797 0.2372 0.9797 0.2372 0.9845 0.2372 0.9754 0.01169997 0.9754 0.01169997 0.9706 0.7259 0.9831 0.9514 0.9831 0.9514 0.988 0.9514 0.9788 0.7259 0.9788 0.7259 0.974 0.9514 0.956 0.7259 0.956 0.7259 0.9511 0.7259 0.9603 0.9514 0.9603 0.9514 0.9651 0.4769 0.9536 0.2514 0.9536 0.2514 0.9488 0.2514 0.9579 0.4769 0.9579 0.4769 0.9628 0.3857 0.9386 0.3857 0.7131 0.3905 0.7131 0.3814 0.7131 0.3814 0.9386 0.3766 0.9386 0.5759 0.9386 0.5759 0.7131 0.5808 0.7131 0.5716 0.7131 0.5716 0.9386 0.5668 0.9386 0.4129 0.9386 0.4129 0.7131 0.4177 0.7131 0.4086 0.7131 0.4086 0.9386 0.4037 0.9386 0.4401 0.7131 0.4401 0.9386 0.4352 0.9386 0.4444 0.9386 0.4444 0.7131 0.4492 0.7131 0.5488 0.7131 0.5488 0.9386 0.5439 0.9386 0.5531 0.9386 0.5531 0.7131 0.5579 0.7131 0.3299 0.9372 0.3256 0.9372 0.3256 0.7117 0.2372 0.9845 0.2372 0.9889 0.01169997 0.9889 0.9514 0.988 0.9514 0.9923 0.7259 0.9923 0.7259 0.9511 0.7259 0.9468 0.9514 0.9468 0.2514 0.9488 0.2514 0.9445 0.4769 0.9445 0.3905 0.7131 0.3948 0.7131 0.3948 0.9386 0.5808 0.7131 0.5851 0.7131 0.5851 0.9386 0.4177 0.7131 0.422 0.7131 0.422 0.9386 0.4352 0.9386 0.4309 0.9386 0.4309 0.7131 0.5439 0.9386 0.5396 0.9386 0.5396 0.7131 0.4878 0.9828 0.4878 0.9785 0.7133 0.9785 0.4878 0.9556 0.4878 0.9513 0.7133 0.9513 0.3114 0.7117 0.3158 0.7117 0.3158 0.9372 0.4769 0.9808 0.4769 0.9851 0.2514 0.9851 0.2372 0.9525 0.2372 0.9569 0.01169997 0.9569 0.4672 0.9386 0.4629 0.9386 0.4629 0.7131 0.4944 0.9386 0.4901 0.9386 0.4901 0.7131 0.3585 0.9386 0.3542 0.9386 0.3542 0.7131 0.5216 0.7131 0.5259 0.7131 0.5259 0.9386 0.6031 0.7131 0.6074 0.7131 0.6074 0.9386 0.4878 0.9828 0.7133 0.9828 0.7133 0.9876 0.7133 0.9785 0.4878 0.9785 0.4878 0.9737 0.4878 0.9556 0.7133 0.9556 0.7133 0.9605 0.7133 0.9513 0.4878 0.9513 0.4878 0.9465 0.3114 0.7117 0.3114 0.9372 0.3066 0.9372 0.3158 0.9372 0.3158 0.7117 0.3206 0.7117 0.4769 0.9808 0.2514 0.9808 0.2514 0.976 0.2514 0.9851 0.4769 0.9851 0.4769 0.9899 0.2372 0.9525 0.01169997 0.9525 0.01169997 0.9477 0.01169997 0.9569 0.2372 0.9569 0.2372 0.9617 0.4672 0.9386 0.4672 0.7131 0.4721 0.7131 0.4629 0.7131 0.4629 0.9386 0.4581 0.9386 0.4944 0.9386 0.4944 0.7131 0.4992 0.7131 0.4901 0.7131 0.4901 0.9386 0.4853 0.9386 0.3585 0.9386 0.3585 0.7131 0.3634 0.7131 0.3542 0.7131 0.3542 0.9386 0.3494 0.9386 0.5216 0.7131 0.5216 0.9386 0.5168 0.9386 0.5259 0.9386 0.5259 0.7131 0.5307 0.7131 0.6031 0.7131 0.6031 0.9386 0.5983 0.9386 0.6074 0.9386 0.6074 0.7131 0.6122 0.7131 0.7133 0.9876 0.7133 0.992 0.4878 0.992 0.7133 0.9605 0.7133 0.9648 0.4878 0.9648 0.3066 0.9372 0.3023 0.9372 0.3023 0.7117 0.2514 0.976 0.2514 0.9717 0.4769 0.9717 0.01169997 0.9477 0.01169997 0.9434 0.2372 0.9434 0.4721 0.7131 0.4764 0.7131 0.4764 0.9386 0.4992 0.7131 0.5035 0.7131 0.5035 0.9386 0.3634 0.7131 0.3677 0.7131 0.3677 0.9386 0.5168 0.9386 0.5124 0.9386 0.5124 0.7131 0.5983 0.9386 0.594 0.9386 0.594 0.7131 0.2372 0.9254 0.2372 0.9297 0.01169997 0.9297 0.2372 0.8982 0.2372 0.9025 0.01169997 0.9025 0.6303 0.7131 0.6346 0.7131 0.6346 0.9386 0.6575 0.7131 0.6618 0.7131 0.6618 0.9386 0.2372 0.9254 0.01169997 0.9254 0.01169997 0.9205 0.01169997 0.9297 0.2372 0.9297 0.2372 0.9345 0.2372 0.8982 0.01169997 0.8982 0.01169997 0.8934 0.01169997 0.9025 0.2372 0.9025 0.2372 0.9073 0.6303 0.7131 0.6303 0.9386 0.6255 0.9386 0.6346 0.9386 0.6346 0.7131 0.6394 0.7131 0.6575 0.7131 0.6575 0.9386 0.6526 0.9386 0.6618 0.9386 0.6618 0.7131 0.6666 0.7131 0.01169997 0.9205 0.01169997 0.9162 0.2372 0.9162 0.01169997 0.8934 0.01169997 0.8891 0.2372 0.8891 0.6255 0.9386 0.6211 0.9386 0.6211 0.7131 0.6526 0.9386 0.6483 0.9386 0.6483 0.7131 0.5629 0.08379995 0.5735 0.083 0.5735 0.1138 0.5629 0.1142 0.5735 0.1138 0.5735 0.1446 0.5735 0.1754 0.5735 0.2062 0.5629 0.2055 0.3132 0.2055 0.3027 0.2062 0.3027 0.1754 0.3133 0.175 0.3027 0.1754 0.3027 0.1446 0.3027 0.1138 0.3027 0.083 0.3133 0.08340001 0.2875 0.1748999 0.2875 0.2057 0.2822 0.2053 0.2875 0.1441 0.2875 0.1748999 0.2822 0.1747 0.2822 0.08279997 0.2875 0.08249998 0.2875 0.1133 0.01669996 0.1133 0.01669996 0.08249998 0.02199995 0.08279997 0.01669996 0.1441 0.01669996 0.1133 0.02199995 0.1134999 0.02199995 0.2055 0.01669996 0.2057 0.01669996 0.1748999 0.5842 0.1784999 0.5956 0.1784999 0.5956 0.2091 0.5842 0.1479 0.5956 0.1479 0.5956 0.1784999 0.5956 0.1172 0.5842 0.1172 0.5842 0.0866 0.3931 0.04479998 0.3931 0.03339999 0.4235 0.03339999 0.3627 0.04479998 0.3627 0.03339999 0.3931 0.03339999 0.3322 0.03339999 0.3322 0.04479998 0.3018 0.04479998 0.41 0.01999998 0.41 0.01429998 0.4408 0.01429998 0.3792 0.01999998 0.3792 0.01429998 0.41 0.01429998 0.3484 0.01429998 0.3484 0.01999998 0.3176 0.01999998 0.8391 0.01999998 0.8391 0.01429998 0.8699 0.01429998 0.8083 0.01999998 0.8083 0.01429998 0.8391 0.01429998 0.7775 0.01429998 0.7775 0.01999998 0.7467 0.01999998 0.2769 0.08319997 0.2822 0.08279997 0.2822 0.1134 0.2769 0.1136 0.2822 0.1134 0.2822 0.1441 0.2822 0.1747 0.2822 0.2053 0.2769 0.2049 0.0273 0.2057 0.02199995 0.2055 0.02199995 0.1748 0.0273 0.1751 0.02199995 0.1748 0.02199995 0.1442 0.02199995 0.1134999 0.02199995 0.08279997 0.0273 0.08319997 0.41 0.01429998 0.41 0.01139998 0.4408 0.01139998 0.3792 0.01429998 0.3792 0.01139998 0.41 0.01139998 0.3484 0.01139998 0.3484 0.01429998 0.3176 0.01429998 0.3484 0.01999998 0.3484 0.02279996 0.3176 0.02279996 0.3792 0.01999998 0.3792 0.02279996 0.3484 0.02279996 0.41 0.02279996 0.41 0.01999998 0.4408 0.01999998 0.8391 0.01429998 0.8391 0.01139998 0.8699 0.01139998 0.8083 0.01429998 0.8083 0.01139998 0.8391 0.01139998 0.7775 0.01139998 0.7775 0.01429998 0.7467 0.01429998 0.7775 0.01999998 0.7775 0.02279996 0.7467 0.02279996 0.8083 0.01999998 0.8083 0.02279996 0.7775 0.02279996 0.8391 0.02279996 0.8391 0.01999998 0.8699 0.01999998 0.8391 0.01429998 0.8699 0.01429998 0.8699 0.01429998 0.8083 0.01429998 0.8391 0.01429998 0.8391 0.01429998 0.7467 0.01429998 0.7467 0.01429998 0.7775 0.01429998 0.41 0.01429998 0.4408 0.01429998 0.4408 0.01429998 0.3792 0.01429998 0.41 0.01429998 0.41 0.01429998 0.3176 0.01429998 0.3176 0.01429998 0.3484 0.01429998 0.3484 0.01999998 0.3176 0.01999998 0.3176 0.01999998 0.3792 0.01999998 0.3484 0.01999998 0.3484 0.01999998 0.4408 0.01999998 0.4408 0.01999998 0.41 0.01999998 0.7775 0.01999998 0.7467 0.01999998 0.7467 0.01999998 0.8083 0.01999998 0.7775 0.01999998 0.7775 0.01999998 0.8699 0.01999998 0.8699 0.01999998 0.8391 0.01999998 0.2778 0.4646 0.02809995 0.4648 0.02929997 0.4549 0.2737 0.4499 0.03219997 0.4499 0.03719997 0.447 0.03219997 0.4499 0.2737 0.4499 0.2766 0.4549 0.2687 0.447 0.03719997 0.447 0.04689997 0.4458 0.03219997 0.6011 0.2737 0.6011 0.2687 0.604 0.2766 0.5961 0.02929997 0.5961 0.02809995 0.5864 0.2737 0.6011 0.03219997 0.6011 0.02929997 0.5961 0.03719997 0.604 0.2687 0.604 0.2589 0.6052 0.01749998 0.4006 0.2883 0.4006 0.2865 0.4131 0.01929998 0.4131 0.2865 0.4131 0.2812 0.4221 0.02469998 0.4221 0.2812 0.4221 0.2722 0.4274 0.03359997 0.4274 0.2722 0.4274 0.2601 0.4293 0.01749998 0.2774 0.2883 0.2774 0.2883 0.4006 0.2812 0.2559 0.02469998 0.2559 0.03359997 0.2505 0.02469998 0.2559 0.2812 0.2559 0.2865 0.2648 0.2722 0.2505 0.03359997 0.2505 0.04619997 0.2487 0.3321 0.06489998 0.3313 0.05439996 0.3669 0.05439996 0.3674 0.06489998 0.3669 0.05439996 0.4025 0.05439996 0.4027 0.06489998 0.4025 0.05439996 0.4381 0.05439996 0.5092 0.05439996 0.5448 0.05439996 0.5441 0.06489998 0.4737 0.05439996 0.5092 0.05439996 0.5087 0.06489998 0.5441 0.2243 0.5448 0.2348999 0.5092 0.2348999 0.5087 0.2243 0.5092 0.2348999 0.4737 0.2348999 0.4734 0.2243 0.4737 0.2348999 0.4381 0.2348999 0.3669 0.2348999 0.3313 0.2348999 0.3321 0.2243 0.4025 0.2348999 0.3669 0.2348999 0.3674 0.2243 0.08089995 0.2343 0.04529994 0.2343 0.04569995 0.2291 0.1165 0.2343 0.08089995 0.2343 0.0812 0.2291 0.1166 0.2291 0.1521 0.2291 0.1521 0.2343 0.2585 0.2291 0.2588 0.2343 0.2232 0.2343 0.223 0.2291 0.2232 0.2343 0.1877 0.2343 0.2232 0.05379998 0.2588 0.05379998 0.2585 0.05909997 0.1877 0.05379998 0.2232 0.05379998 0.223 0.05909997 0.1875 0.05909997 0.1521 0.05909997 0.1521 0.05379998 0.04569995 0.05909997 0.04529994 0.05379998 0.08089995 0.05379998 0.0812 0.05909997 0.08089995 0.05379998 0.1165 0.05379998 0.6314 0.04479998 0.6314 0.03339999 0.6667 0.03339999 0.5961 0.04479998 0.5961 0.03339999 0.6314 0.03339999 0.5607 0.04479998 0.5607 0.03339999 0.5961 0.03339999 0.4901 0.03339999 0.4901 0.04479998 0.4547 0.04479998 0.5254 0.03339999 0.5254 0.04479998 0.4901 0.04479998 0.2353 0.04479998 0.2353 0.03339999 0.2706 0.03339999 0.2 0.04479998 0.2 0.03339999 0.2353 0.03339999 0.1646 0.04479998 0.1646 0.03339999 0.2 0.03339999 0.09399998 0.03339999 0.09399998 0.04479998 0.05859994 0.04479998 0.1292999 0.03339999 0.1292999 0.04479998 0.09399998 0.04479998 0.2358 0.01999998 0.2358 0.01429998 0.2713 0.01429998 0.2002 0.01999998 0.2002 0.01429998 0.2358 0.01429998 0.1646 0.01999998 0.1646 0.01429998 0.2002 0.01429998 0.09349995 0.01429998 0.09349995 0.01999998 0.05789995 0.01999998 0.1291 0.01429998 0.1291 0.01999998 0.09349995 0.01999998 0.6649 0.01999998 0.6649 0.01429998 0.7004 0.01429998 0.6293 0.01999998 0.6293 0.01429998 0.6649 0.01429998 0.5937 0.01999998 0.5937 0.01429998 0.6293 0.01429998 0.5226 0.01429998 0.5226 0.01999998 0.487 0.01999998 0.5582 0.01429998 0.5582 0.01999998 0.5226 0.01999998 0.2581 0.2238 0.2585 0.2291 0.223 0.2291 0.2226999 0.2238 0.223 0.2291 0.1875 0.2291 0.1521 0.2291 0.1521 0.2238 0.1874 0.2238 0.0812 0.2291 0.04569995 0.2291 0.04609996 0.2238 0.1166 0.2291 0.0812 0.2291 0.08139997 0.2238 0.04609996 0.06439995 0.04569995 0.05909997 0.0812 0.05909997 0.08139997 0.06439995 0.0812 0.05909997 0.1166 0.05909997 0.1521 0.05909997 0.1521 0.06439995 0.1168 0.06439995 0.223 0.05909997 0.2585 0.05909997 0.2581 0.06439995 0.1875 0.05909997 0.223 0.05909997 0.2226999 0.06439995 0.2358 0.01429998 0.2358 0.01139998 0.2714 0.01139998 0.2002 0.01429998 0.2002 0.01139998 0.2358 0.01139998 0.1646 0.01429998 0.1646 0.01139998 0.2002 0.01139998 0.09349995 0.01139998 0.09349995 0.01429998 0.05789995 0.01429998 0.129 0.01139998 0.129 0.01429998 0.09349995 0.01429998 0.09349995 0.01999998 0.09349995 0.02279996 0.05789995 0.02279996 0.129 0.01999998 0.129 0.02279996 0.09349995 0.02279996 0.1646 0.01999998 0.1646 0.02279996 0.129 0.02279996 0.2358 0.02279996 0.2358 0.01999998 0.2714 0.01999998 0.2002 0.02279996 0.2002 0.01999998 0.2358 0.01999998 0.6649 0.01429998 0.6649 0.01139998 0.7005 0.01139998 0.6293 0.01429998 0.6293 0.01139998 0.6649 0.01139998 0.5937 0.01429998 0.5937 0.01139998 0.6293 0.01139998 0.5226 0.01139998 0.5226 0.01429998 0.487 0.01429998 0.5582 0.01139998 0.5582 0.01429998 0.5226 0.01429998 0.5226 0.01999998 0.5226 0.02279996 0.487 0.02279996 0.5582 0.01999998 0.5582 0.02279996 0.5226 0.02279996 0.5937 0.01999998 0.5937 0.02279996 0.5582 0.02279996 0.6649 0.02279996 0.6649 0.01999998 0.7005 0.01999998 0.6293 0.02279996 0.6293 0.01999998 0.6649 0.01999998 0.6649 0.01429998 0.7005 0.01429998 0.7004 0.01429998 0.6293 0.01429998 0.6649 0.01429998 0.6649 0.01429998 0.5937 0.01429998 0.6293 0.01429998 0.6293 0.01429998 0.487 0.01429998 0.487 0.01429998 0.5226 0.01429998 0.5226 0.01429998 0.5226 0.01429998 0.5582 0.01429998 0.2358 0.01429998 0.2714 0.01429998 0.2713 0.01429998 0.2002 0.01429998 0.2358 0.01429998 0.2358 0.01429998 0.1646 0.01429998 0.2002 0.01429998 0.2002 0.01429998 0.05789995 0.01429998 0.05789995 0.01429998 0.09349995 0.01429998 0.09349995 0.01429998 0.09349995 0.01429998 0.129 0.01429998 0.09349995 0.01999998 0.05789995 0.01999998 0.05789995 0.01999998 0.129 0.01999998 0.09349995 0.01999998 0.09349995 0.01999998 0.1646 0.01999998 0.129 0.01999998 0.1291 0.01999998 0.2713 0.01999998 0.2714 0.01999998 0.2358 0.01999998 0.2358 0.01999998 0.2358 0.01999998 0.2002 0.01999998 0.5226 0.01999998 0.487 0.01999998 0.487 0.01999998 0.5582 0.01999998 0.5226 0.01999998 0.5226 0.01999998 0.5937 0.01999998 0.5582 0.01999998 0.5582 0.01999998 0.7004 0.01999998 0.7005 0.01999998 0.6649 0.01999998 0.6649 0.01999998 0.6649 0.01999998 0.6293 0.01999998 0.1717 0.1946 0.177 0.1946 0.177 0.2141 0.1717 0.1751 0.177 0.1751 0.177 0.1946 0.1717 0.1556 0.177 0.1556 0.177 0.1751 0.177 0.1167 0.1717 0.1167 0.1717 0.1004 0.177 0.1360999 0.1717 0.1360999 0.1717 0.1167 0.177 0.1946 0.1868 0.1946 0.1868 0.2141 0.177 0.1751 0.1868 0.1751 0.1868 0.1946 0.177 0.1556 0.1868 0.1556 0.1868 0.1751 0.1868 0.1167 0.177 0.1167 0.177 0.1004 0.1868 0.1360999 0.177 0.1360999 0.177 0.1167 0.1868 0.1946 0.1926 0.1946 0.1926 0.2141 0.1868 0.1751 0.1926 0.1751 0.1926 0.1946 0.1868 0.1556 0.1926 0.1556 0.1926 0.1751 0.1926 0.1167 0.1868 0.1167 0.1868 0.1004 0.1926 0.1360999 0.1868 0.1360999 0.1868 0.1167 0.1926 0.1946 0.1983 0.1946 0.1983 0.2141 0.1926 0.1751 0.1983 0.1751 0.1983 0.1946 0.1926 0.1556 0.1983 0.1556 0.1983 0.1751 0.1983 0.1167 0.1926 0.1167 0.1926 0.1004 0.1983 0.1360999 0.1926 0.1360999 0.1926 0.1167 0.1983 0.1946 0.2082 0.1946 0.2082 0.2141 0.1983 0.1751 0.2082 0.1751 0.2082 0.1946 0.1983 0.1556 0.2082 0.1556 0.2082 0.1751 0.2082 0.1167 0.1983 0.1167 0.1983 0.1004 0.2082 0.1360999 0.1983 0.1360999 0.1983 0.1167 0.2082 0.1946 0.2134 0.1946 0.2134 0.2141 0.2082 0.1751 0.2134 0.1751 0.2134 0.1946 0.2082 0.1556 0.2134 0.1556 0.2134 0.1751 0.2134 0.1167 0.2082 0.1167 0.2082 0.1004 0.2134 0.1360999 0.2082 0.1360999 0.2082 0.1167 0.133 0.1946 0.1442 0.1946 0.1442 0.2141 0.133 0.1751 0.1442 0.1751 0.1442 0.1946 0.133 0.1556 0.1442 0.1556 0.1442 0.1751 0.1442 0.1167 0.133 0.1167 0.133 0.1004 0.1442 0.1360999 0.133 0.1360999 0.133 0.1167 0.1442 0.1946 0.1523 0.1946 0.1523 0.2141 0.1442 0.1751 0.1523 0.1751 0.1523 0.1946 0.1442 0.1556 0.1523 0.1556 0.1523 0.1751 0.1523 0.1167 0.1442 0.1167 0.1442 0.1004 0.1523 0.1360999 0.1442 0.1360999 0.1442 0.1167 0.1523 0.1946 0.1604 0.1946 0.1604 0.2141 0.1523 0.1751 0.1604 0.1751 0.1604 0.1946 0.1523 0.1556 0.1604 0.1556 0.1604 0.1751 0.1604 0.1167 0.1523 0.1167 0.1523 0.1004 0.1604 0.1360999 0.1523 0.1360999 0.1523 0.1167 0.1604 0.1946 0.1717 0.1946 0.1717 0.2141 0.1604 0.1751 0.1717 0.1751 0.1717 0.1946 0.1604 0.1556 0.1717 0.1556 0.1717 0.1751 0.1717 0.1167 0.1604 0.1167 0.1604 0.1004 0.1717 0.1360999 0.1604 0.1360999 0.1604 0.1167 0.1021 0.1946 0.1119 0.1946 0.1119 0.2141 0.1021 0.1751 0.1119 0.1751 0.1119 0.1946 0.1021 0.1556 0.1119 0.1556 0.1119 0.1751 0.1119 0.1167 0.1021 0.1167 0.1021 0.1004 0.1119 0.1360999 0.1021 0.1360999 0.1021 0.1167 0.1119 0.1946 0.1172 0.1946 0.1172 0.2141 0.1119 0.1751 0.1172 0.1751 0.1172 0.1946 0.1119 0.1556 0.1172 0.1556 0.1172 0.1751 0.1172 0.1167 0.1119 0.1167 0.1119 0.1004 0.1172 0.1360999 0.1119 0.1360999 0.1119 0.1167 0.03669995 0.1945 0.04799997 0.1945 0.04799997 0.214 0.03669995 0.1751 0.04799997 0.1751 0.04799997 0.1945 0.03669995 0.1556 0.04799997 0.1556 0.04799997 0.1751 0.04799997 0.1166 0.03669995 0.1166 0.03669995 0.1004 0.04799997 0.1360999 0.03669995 0.1360999 0.03669995 0.1166 0.04799997 0.1945 0.05609995 0.1945 0.05609995 0.214 0.04799997 0.1751 0.05609995 0.1751 0.05609995 0.1945 0.04799997 0.1556 0.05609995 0.1556 0.05609995 0.1751 0.05609995 0.1166 0.04799997 0.1166 0.04799997 0.1004 0.05609995 0.1360999 0.04799997 0.1360999 0.04799997 0.1166 0.05609995 0.1945 0.06419998 0.1945 0.06419998 0.214 0.05609995 0.1751 0.06419998 0.1751 0.06419998 0.1945 0.05609995 0.1556 0.06419998 0.1556 0.06419998 0.1751 0.06419998 0.1166 0.05609995 0.1166 0.05609995 0.1004 0.06419998 0.1360999 0.05609995 0.1360999 0.05609995 0.1166 0.06419998 0.1945 0.07539999 0.1946 0.07539999 0.2141 0.06419998 0.1751 0.07539999 0.1751 0.07539999 0.1946 0.06419998 0.1556 0.07539999 0.1556 0.07539999 0.1751 0.07539999 0.1166 0.06419998 0.1166 0.06419998 0.1004 0.07539999 0.1360999 0.06419998 0.1360999 0.06419998 0.1166 0.07539999 0.1946 0.08069998 0.1946 0.08069998 0.2141 0.07539999 0.1751 0.08069998 0.175 0.08069998 0.1946 0.07539999 0.1556 0.08069998 0.1554999 0.08069998 0.175 0.08069998 0.1164 0.07539999 0.1166 0.07539999 0.1003 0.08069998 0.136 0.07539999 0.1360999 0.07539999 0.1166 0.08069998 0.1946 0.09049999 0.1946 0.09049999 0.2141 0.08069998 0.175 0.09049999 0.1751 0.09049999 0.1946 0.08069998 0.1554999 0.09049999 0.1556 0.09049999 0.1751 0.09049999 0.1167 0.08069998 0.1164 0.08069998 0.1001999 0.09049999 0.1360999 0.08069998 0.136 0.08069998 0.1164 0.09049999 0.1946 0.0963 0.1946 0.0963 0.2141 0.09049999 0.1751 0.0963 0.1751 0.0963 0.1946 0.09049999 0.1556 0.0963 0.1556 0.0963 0.1751 0.0963 0.1167 0.09049999 0.1167 0.09049999 0.1004 0.0963 0.1360999 0.09049999 0.1360999 0.09049999 0.1167 0.0963 0.1946 0.1021 0.1946 0.1021 0.2141 0.0963 0.1751 0.1021 0.1751 0.1021 0.1946 0.0963 0.1556 0.1021 0.1556 0.1021 0.1751 0.1021 0.1167 0.0963 0.1167 0.0963 0.1004 0.1021 0.1360999 0.0963 0.1360999 0.0963 0.1167 0.3631 0.1978999 0.3683 0.1978999 0.3683 0.2174 0.3631 0.1784 0.3683 0.1784 0.3683 0.1978999 0.3631 0.1589 0.3683 0.1589 0.3683 0.1784 0.3683 0.1199 0.3631 0.1199 0.3631 0.1037 0.3683 0.1394 0.3631 0.1394 0.3631 0.1199 0.3683 0.1978999 0.3782 0.1978999 0.3782 0.2174 0.3683 0.1784 0.3782 0.1784 0.3782 0.1978999 0.3683 0.1589 0.3782 0.1589 0.3782 0.1784 0.3782 0.1199 0.3683 0.1199 0.3683 0.1037 0.3782 0.1394 0.3683 0.1394 0.3683 0.1199 0.3782 0.1978999 0.3839 0.1978999 0.3839 0.2174 0.3782 0.1784 0.3839 0.1784 0.3839 0.1978999 0.3782 0.1589 0.3839 0.1589 0.3839 0.1784 0.3839 0.1199 0.3782 0.1199 0.3782 0.1037 0.3839 0.1394 0.3782 0.1394 0.3782 0.1199 0.3839 0.1978999 0.3897 0.1978999 0.3897 0.2174 0.3839 0.1784 0.3897 0.1784 0.3897 0.1978999 0.3839 0.1589 0.3897 0.1589 0.3897 0.1784 0.3897 0.1199 0.3839 0.1199 0.3839 0.1037 0.3897 0.1394 0.3839 0.1394 0.3839 0.1199 0.3897 0.1978999 0.3995 0.1978999 0.3995 0.2174 0.3897 0.1784 0.3995 0.1784 0.3995 0.1978999 0.3897 0.1589 0.3995 0.1589 0.3995 0.1784 0.3995 0.1199 0.3897 0.1199 0.3897 0.1037 0.3995 0.1394 0.3897 0.1394 0.3897 0.1199 0.3995 0.1978999 0.4048 0.1978999 0.4048 0.2174 0.3995 0.1784 0.4048 0.1784 0.4048 0.1978999 0.3995 0.1589 0.4048 0.1589 0.4048 0.1784 0.4048 0.1199 0.3995 0.1199 0.3995 0.1037 0.4048 0.1394 0.3995 0.1394 0.3995 0.1199 0.3244 0.1978999 0.3356 0.1978999 0.3356 0.2174 0.3244 0.1784 0.3356 0.1784 0.3356 0.1978999 0.3244 0.1589 0.3356 0.1589 0.3356 0.1784 0.3356 0.1199 0.3244 0.1199 0.3244 0.1037 0.3356 0.1394 0.3244 0.1394 0.3244 0.1199 0.3356 0.1978999 0.3437 0.1978999 0.3437 0.2174 0.3356 0.1784 0.3437 0.1784 0.3437 0.1978999 0.3356 0.1589 0.3437 0.1589 0.3437 0.1784 0.3437 0.1199 0.3356 0.1199 0.3356 0.1037 0.3437 0.1394 0.3356 0.1394 0.3356 0.1199 0.3437 0.1978999 0.3518 0.1978999 0.3518 0.2174 0.3437 0.1784 0.3518 0.1784 0.3518 0.1978999 0.3437 0.1589 0.3518 0.1589 0.3518 0.1784 0.3518 0.1199 0.3437 0.1199 0.3437 0.1037 0.3518 0.1394 0.3437 0.1394 0.3437 0.1199 0.3518 0.1978999 0.3631 0.1978999 0.3631 0.2174 0.3518 0.1784 0.3631 0.1784 0.3631 0.1978999 0.3518 0.1589 0.3631 0.1589 0.3631 0.1784 0.3631 0.1199 0.3518 0.1199 0.3518 0.1037 0.3631 0.1394 0.3518 0.1394 0.3518 0.1199 0.4655 0.1978999 0.4708 0.1978999 0.4708 0.2174 0.4655 0.1784 0.4708 0.1784 0.4708 0.1978999 0.4655 0.1589 0.4708 0.1589 0.4708 0.1784 0.4708 0.1199 0.4655 0.1199 0.4655 0.1037 0.4708 0.1394 0.4655 0.1394 0.4655 0.1199 0.4708 0.1978999 0.4806 0.1978999 0.4806 0.2174 0.4708 0.1784 0.4806 0.1784 0.4806 0.1978999 0.4708 0.1589 0.4806 0.1589 0.4806 0.1784 0.4806 0.1199 0.4708 0.1199 0.4708 0.1037 0.4806 0.1394 0.4708 0.1394 0.4708 0.1199 0.4806 0.1978999 0.4864 0.1978999 0.4864 0.2174 0.4806 0.1784 0.4864 0.1784 0.4864 0.1978999 0.4806 0.1589 0.4864 0.1589 0.4864 0.1784 0.4864 0.1199 0.4806 0.1199 0.4806 0.1037 0.4864 0.1394 0.4806 0.1394 0.4806 0.1199 0.4864 0.1978999 0.4922 0.1978999 0.4922 0.2174 0.4864 0.1784 0.4922 0.1784 0.4922 0.1978999 0.4864 0.1589 0.4922 0.1589 0.4922 0.1784 0.4922 0.1199 0.4864 0.1199 0.4864 0.1037 0.4922 0.1394 0.4864 0.1394 0.4864 0.1199 0.4922 0.1978999 0.502 0.1978999 0.502 0.2174 0.4922 0.1784 0.502 0.1784 0.502 0.1978999 0.4922 0.1589 0.502 0.1589 0.502 0.1784 0.502 0.1199 0.4922 0.1199 0.4922 0.1037 0.502 0.1394 0.4922 0.1394 0.4922 0.1199 0.502 0.1978999 0.5073 0.1978999 0.5073 0.2174 0.502 0.1784 0.5073 0.1784 0.5073 0.1978999 0.502 0.1589 0.5073 0.1589 0.5073 0.1784 0.5073 0.1199 0.502 0.1199 0.502 0.1037 0.5073 0.1394 0.502 0.1394 0.502 0.1199 0.4268 0.1978999 0.438 0.1978999 0.438 0.2174 0.4268 0.1784 0.438 0.1784 0.438 0.1978999 0.4268 0.1589 0.438 0.1589 0.438 0.1784 0.438 0.1199 0.4268 0.1199 0.4268 0.1037 0.438 0.1394 0.4268 0.1394 0.4268 0.1199 0.438 0.1978999 0.4462 0.1978999 0.4462 0.2174 0.438 0.1784 0.4462 0.1784 0.4462 0.1978999 0.438 0.1589 0.4462 0.1589 0.4462 0.1784 0.4462 0.1199 0.438 0.1199 0.438 0.1037 0.4462 0.1394 0.438 0.1394 0.438 0.1199 0.4462 0.1978999 0.4543 0.1978999 0.4543 0.2174 0.4462 0.1784 0.4543 0.1784 0.4543 0.1978999 0.4462 0.1589 0.4543 0.1589 0.4543 0.1784 0.4543 0.1199 0.4462 0.1199 0.4462 0.1037 0.4543 0.1394 0.4462 0.1394 0.4462 0.1199 0.4543 0.1978999 0.4655 0.1978999 0.4655 0.2174 0.4543 0.1784 0.4655 0.1784 0.4655 0.1978999 0.4543 0.1589 0.4655 0.1589 0.4655 0.1784 0.4655 0.1199 0.4543 0.1199 0.4543 0.1037 0.4655 0.1394 0.4543 0.1394 0.4543 0.1199 0.177 0.1004 0.1717 0.1004 0.1717 0.09719997 0.1868 0.1004 0.177 0.1004 0.177 0.09719997 0.1926 0.1004 0.1868 0.1004 0.1868 0.09719997 0.1983 0.1004 0.1926 0.1004 0.1926 0.09719997 0.2082 0.1004 0.1983 0.1004 0.1983 0.09719997 0.2134 0.1004 0.2082 0.1004 0.2082 0.09719997 0.1442 0.1004 0.133 0.1004 0.133 0.09719997 0.1523 0.1004 0.1442 0.1004 0.1442 0.09719997 0.1604 0.1004 0.1523 0.1004 0.1523 0.09719997 0.1717 0.1004 0.1604 0.1004 0.1604 0.09719997 0.1119 0.1004 0.1021 0.1004 0.1021 0.09719997 0.1172 0.1004 0.1119 0.1004 0.1119 0.09719997 0.04799997 0.1004 0.03669995 0.1004 0.03669995 0.09709995 0.05609995 0.1004 0.04799997 0.1004 0.04799997 0.09709995 0.06419998 0.1004 0.05609995 0.1004 0.05609995 0.09709995 0.07539999 0.1003 0.06419998 0.1004 0.06419998 0.09709995 0.08069998 0.1001999 0.07539999 0.1003 0.07539999 0.09709995 0.09049999 0.1004 0.08069998 0.1001999 0.08069998 0.09689998 0.0963 0.1004 0.09049999 0.1004 0.09049999 0.09719997 0.1021 0.1004 0.0963 0.1004 0.0963 0.09719997 0.3683 0.1037 0.3631 0.1037 0.3631 0.1004 0.3782 0.1037 0.3683 0.1037 0.3683 0.1004 0.3839 0.1037 0.3782 0.1037 0.3782 0.1004 0.3897 0.1037 0.3839 0.1037 0.3839 0.1004 0.3995 0.1037 0.3897 0.1037 0.3897 0.1004 0.4048 0.1037 0.3995 0.1037 0.3995 0.1004 0.3356 0.1037 0.3244 0.1037 0.3244 0.1004 0.3437 0.1037 0.3356 0.1037 0.3356 0.1004 0.3518 0.1037 0.3437 0.1037 0.3437 0.1004 0.3631 0.1037 0.3518 0.1037 0.3518 0.1004 0.4708 0.1037 0.4655 0.1037 0.4655 0.1004 0.4806 0.1037 0.4708 0.1037 0.4708 0.1004 0.4864 0.1037 0.4806 0.1037 0.4806 0.1004 0.4922 0.1037 0.4864 0.1037 0.4864 0.1004 0.502 0.1037 0.4922 0.1037 0.4922 0.1004 0.5073 0.1037 0.502 0.1037 0.502 0.1004 0.438 0.1037 0.4268 0.1037 0.4268 0.1004 0.4462 0.1037 0.438 0.1037 0.438 0.1004 0.4543 0.1037 0.4462 0.1037 0.4462 0.1004 0.4655 0.1037 0.4543 0.1037 0.4543 0.1004</float_array>
          <technique_common>
            <accessor source="#_4029_Plastic_Fruit_Crate_v1_L1-mesh-map-0-array" count="6600" stride="2">
              <param name="S" type="float"/>
              <param name="T" type="float"/>
            </accessor>
          </technique_common>
        </source>
        <vertices id="_4029_Plastic_Fruit_Crate_v1_L1-mesh-vertices">
          <input semantic="POSITION" source="#_4029_Plastic_Fruit_Crate_v1_L1-mesh-positions"/>
        </vertices>
        <triangles material="_14029_plastic_fruit_crate_v1_L114029_plastic_fruit_crate-material" count="2200">
          <input semantic="VERTEX" source="#_4029_Plastic_Fruit_Crate_v1_L1-mesh-vertices" offset="0"/>
          <input semantic="NORMAL" source="#_4029_Plastic_Fruit_Crate_v1_L1-mesh-normals" offset="1"/>
          <input semantic="TEXCOORD" source="#_4029_Plastic_Fruit_Crate_v1_L1-mesh-map-0" offset="2" set="0"/>
          <p>1 0 0 3 1 1 0 2 2 5 3 3 7 4 4 4 5 5 9 6 6 11 7 7 8 8 8 13 9 9 15 10 10 12 11 11 2 12 12 17 13 13 3 1 14 0 2 15 19 14 16 1 0 17 6 15 18 21 16 19 7 4 20 10 17 21 23 18 22 11 7 23 16 19 24 25 20 25 17 13 26 24 21 27 27 22 28 25 20 29 26 23 30 4 5 31 27 22 32 18 24 33 29 25 34 19 14 35 28 26 36 31 27 37 29 25 38 30 28 39 15 10 40 31 27 41 20 29 42 33 30 43 21 16 44 32 31 45 35 32 46 33 30 47 34 33 48 8 8 49 35 32 50 22 34 51 37 35 52 23 18 53 36 36 54 39 37 55 37 35 56 38 38 57 13 9 58 39 37 59 3 39 60 41 39 61 0 39 62 14 40 63 20 40 64 6 40 65 7 41 66 43 42 67 4 43 68 11 39 69 45 39 70 8 39 71 47 44 72 12 45 73 46 46 74 3 39 75 48 47 76 40 39 77 49 48 78 0 39 79 41 39 80 7 41 81 50 39 82 42 39 83 11 39 84 51 49 85 44 39 86 17 50 87 52 51 88 48 47 89 52 51 90 27 52 91 53 53 92 53 53 93 4 43 94 43 42 95 54 54 96 18 55 97 49 48 98 30 56 99 54 54 100 55 39 101 12 45 102 55 39 103 46 46 104 21 52 105 56 57 106 50 39 107 56 57 108 35 58 109 57 59 110 57 59 111 8 39 112 45 39 113 23 60 114 58 61 115 51 49 116 58 61 117 39 56 118 59 62 119 59 62 120 13 63 121 47 44 122 42 39 123 46 46 124 43 42 125 60 39 126 62 39 127 63 39 128 64 64 129 66 65 130 67 66 131 68 39 132 70 39 133 71 39 134 72 67 135 74 68 136 75 69 137 76 70 138 78 71 139 79 72 140 80 73 141 82 74 142 83 39 143 84 75 144 86 76 145 87 77 146 88 78 147 90 79 148 91 80 149 77 81 150 93 82 151 78 71 152 93 82 153 94 83 154 95 84 155 95 84 156 96 85 157 97 86 158 98 87 159 81 88 160 80 73 161 100 89 162 98 87 163 101 90 164 102 91 165 101 90 166 103 92 167 85 93 168 105 94 169 86 76 170 105 94 171 106 95 172 107 96 173 107 96 174 108 97 175 109 39 176 89 98 177 111 99 178 90 79 179 111 99 180 112 100 181 113 101 182 113 101 183 114 102 184 115 103 185 117 40 186 119 40 187 116 40 188 120 104 189 122 105 190 123 106 191 125 40 192 127 40 193 124 40 194 128 107 195 130 108 196 131 109 197 132 110 198 134 111 199 135 40 200 136 112 201 138 113 202 139 114 203 140 115 204 142 116 205 143 117 206 144 118 207 146 113 208 147 40 209 135 40 210 148 119 211 149 120 212 150 117 213 148 119 214 151 116 215 152 121 216 151 116 217 153 122 218 137 40 219 155 123 220 138 113 221 156 124 222 155 123 223 154 125 224 158 126 225 157 127 226 156 124 227 143 117 228 160 128 229 161 120 230 162 40 231 160 128 232 163 111 233 164 129 234 163 111 235 165 130 236 147 40 237 166 131 238 167 125 239 168 124 240 166 131 241 169 127 242 170 132 243 169 127 244 171 133 245 172 134 246 86 135 247 105 136 248 174 137 249 105 136 250 107 138 251 175 139 252 107 138 253 109 140 254 177 141 255 69 141 256 176 141 257 179 142 258 91 143 259 90 144 260 181 145 261 90 144 262 111 146 263 182 147 264 111 146 265 113 148 266 183 149 267 113 148 268 115 150 269 185 151 270 73 151 271 184 151 272 187 152 273 103 153 274 101 154 275 189 155 276 101 154 277 98 156 278 190 157 279 98 156 280 80 158 281 191 159 282 80 158 283 83 160 284 193 161 285 61 161 286 192 161 287 195 162 288 79 163 289 78 164 290 197 165 291 78 164 292 93 166 293 198 167 294 93 166 295 95 168 296 199 169 297 95 168 298 97 170 299 201 171 300 65 171 301 200 171 302 173 172 303 87 173 304 86 135 305 205 174 306 207 175 307 204 176 308 206 177 309 209 178 310 207 175 311 211 151 312 213 151 313 210 151 314 215 179 315 217 180 316 214 181 317 216 182 318 219 183 319 217 180 320 218 184 321 221 185 322 219 183 323 220 186 324 223 187 325 221 185 326 225 141 327 227 141 328 224 141 329 229 188 330 231 189 331 228 190 332 230 191 333 233 192 334 231 189 335 232 193 336 235 194 337 233 192 338 234 195 339 237 196 340 235 194 341 239 171 342 241 171 343 238 171 344 243 197 345 245 198 346 242 199 347 244 200 348 247 201 349 245 198 350 246 202 351 249 203 352 247 201 353 248 204 354 251 205 355 249 203 356 253 161 357 255 161 358 252 161 359 257 206 360 259 207 361 256 208 362 258 209 363 204 176 364 259 207 365 116 40 366 193 40 367 192 40 368 201 40 369 121 40 370 261 210 371 124 40 372 177 40 373 176 40 374 185 40 375 129 40 376 263 211 377 265 212 378 267 213 379 264 214 380 266 215 381 269 216 382 267 217 383 268 218 384 271 219 385 269 216 386 270 220 387 273 221 388 271 219 389 272 222 390 275 223 391 273 221 392 274 224 393 277 225 394 275 226 395 276 227 396 279 228 397 277 229 398 278 230 399 281 231 400 279 228 401 280 232 402 283 233 403 281 231 404 282 234 405 264 235 406 283 233 407 285 236 408 287 237 409 284 238 410 286 239 411 289 240 412 287 241 413 288 242 414 291 243 415 289 244 416 290 243 417 293 245 418 291 243 419 292 246 420 295 247 421 293 245 422 294 248 423 297 249 424 295 247 425 296 250 426 299 251 427 297 252 428 298 253 429 301 254 430 299 255 431 300 256 432 303 257 433 301 254 434 302 258 435 284 238 436 303 257 437 305 259 438 307 260 439 304 261 440 306 262 441 309 263 442 307 264 443 308 265 444 311 266 445 309 263 446 310 267 447 313 268 448 311 266 449 312 269 450 315 270 451 313 268 452 314 271 453 317 272 454 315 273 455 316 274 456 319 275 457 317 276 458 318 275 459 321 277 460 319 275 461 320 278 462 323 279 463 321 277 464 322 280 465 304 281 466 323 279 467 325 282 468 327 283 469 324 284 470 326 285 471 329 286 472 327 287 473 328 288 474 331 289 475 329 286 476 330 290 477 333 291 478 331 289 479 332 292 480 335 293 481 333 291 482 334 294 483 337 295 484 335 296 485 336 297 486 339 298 487 337 299 488 338 300 489 341 301 490 339 298 491 340 302 492 343 303 493 341 301 494 342 304 495 324 305 496 343 303 497 345 141 498 347 141 499 344 141 500 349 161 501 351 161 502 348 161 503 352 306 504 351 307 505 350 308 506 344 309 507 355 310 508 345 311 509 356 312 510 347 313 511 346 314 512 348 315 513 359 316 514 349 317 515 361 141 516 363 141 517 360 141 518 365 161 519 367 161 520 364 161 521 369 318 522 367 319 523 368 320 524 370 321 525 362 322 526 361 323 527 373 324 528 363 325 529 372 326 530 374 327 531 366 328 532 365 329 533 376 330 534 143 331 535 161 332 536 378 333 537 104 334 538 85 335 539 377 336 540 140 337 541 143 331 542 381 338 543 85 335 544 84 339 545 383 151 546 120 151 547 382 151 548 386 151 549 66 151 550 385 151 551 387 340 552 150 341 553 152 342 554 389 343 555 96 344 556 94 345 557 388 346 558 149 347 559 150 341 560 392 348 561 94 345 562 92 349 563 391 350 564 135 351 565 149 347 566 394 352 567 92 349 568 77 353 569 393 354 570 132 355 571 135 351 572 396 356 573 77 353 574 76 357 575 398 141 576 119 141 577 397 141 578 401 141 579 62 141 580 400 141 581 402 358 582 137 359 583 136 360 584 404 361 585 82 362 586 81 363 587 403 364 588 154 365 589 137 359 590 407 366 591 81 363 592 99 367 593 406 368 594 156 369 595 154 365 596 409 370 597 99 367 598 100 371 599 408 372 600 158 373 601 156 369 602 411 374 603 100 371 604 102 375 605 413 171 606 128 171 607 412 171 608 416 171 609 74 171 610 415 171 611 417 376 612 168 377 613 170 378 614 419 379 615 114 380 616 112 381 617 418 382 618 167 383 619 168 377 620 422 384 621 112 381 622 110 385 623 421 386 624 147 387 625 167 383 626 424 388 627 110 385 628 89 389 629 423 390 630 144 391 631 147 387 632 426 392 633 89 389 634 88 393 635 428 161 636 127 161 637 427 161 638 431 161 639 70 161 640 430 161 641 432 394 642 162 395 643 164 396 644 434 397 645 108 398 646 106 399 647 433 400 648 161 332 649 162 395 650 379 401 651 106 399 652 104 334 653 377 39 654 204 39 655 207 39 656 433 39 657 204 39 658 376 39 659 432 402 660 259 402 661 433 402 662 427 39 663 254 39 664 428 39 665 425 39 666 249 39 667 251 39 668 423 403 669 247 403 670 249 403 671 418 404 672 247 404 673 421 404 674 417 39 675 245 39 676 418 39 677 412 405 678 240 405 679 413 405 680 410 39 681 235 39 682 237 39 683 408 39 684 233 39 685 235 39 686 403 39 687 233 39 688 406 39 689 402 406 690 231 406 691 403 406 692 397 39 693 226 39 694 398 39 695 395 39 696 221 39 697 223 39 698 393 407 699 219 407 700 221 407 701 388 408 702 219 408 703 391 408 704 387 39 705 217 39 706 388 39 707 382 409 708 212 409 709 383 409 710 380 39 711 207 39 712 209 39 713 378 40 714 205 40 715 379 40 716 381 410 717 206 410 718 378 410 719 385 411 720 436 411 721 386 411 722 390 40 723 216 40 724 215 40 725 389 40 726 218 40 727 216 40 728 394 40 729 218 40 730 392 40 731 396 412 732 220 412 733 394 412 734 400 40 735 437 40 736 401 40 737 405 413 738 230 413 739 229 413 740 404 40 741 232 40 742 230 40 743 409 40 744 232 40 745 407 40 746 411 414 747 234 414 748 409 414 749 415 415 750 438 415 751 416 415 752 420 40 753 244 40 754 243 40 755 419 40 756 246 40 757 244 40 758 424 40 759 246 40 760 422 40 761 426 416 762 248 416 763 424 416 764 430 40 765 439 40 766 431 40 767 435 417 768 258 417 769 257 417 770 434 40 771 205 40 772 258 40 773 441 151 774 443 151 775 440 151 776 445 171 777 447 171 778 444 171 779 448 141 780 443 141 781 442 141 782 450 141 783 445 141 784 444 141 785 452 161 786 447 161 787 446 161 788 454 161 789 441 161 790 440 161 791 457 151 792 459 151 793 456 151 794 461 171 795 463 171 796 460 171 797 465 161 798 459 161 799 464 161 800 467 161 801 461 161 802 466 161 803 469 141 804 463 141 805 468 141 806 471 141 807 457 141 808 470 141 809 473 171 810 475 171 811 472 171 812 477 171 813 479 171 814 476 171 815 481 151 816 483 151 817 480 151 818 485 151 819 487 151 820 484 151 821 483 161 822 479 161 823 480 161 824 481 141 825 477 141 826 482 141 827 487 141 828 475 141 829 484 141 830 485 161 831 473 161 832 486 161 833 489 151 834 491 151 835 488 151 836 493 151 837 495 151 838 492 151 839 497 171 840 499 171 841 496 171 842 501 171 843 503 171 844 500 171 845 499 161 846 495 161 847 494 161 848 497 141 849 493 141 850 492 141 851 503 141 852 491 141 853 490 141 854 501 161 855 489 161 856 488 161 857 505 161 858 507 161 859 504 161 860 509 161 861 511 161 862 508 161 863 513 161 864 515 161 865 512 161 866 517 161 867 519 161 868 516 161 869 521 141 870 523 141 871 520 141 872 525 141 873 527 141 874 524 141 875 529 141 876 531 141 877 528 141 878 533 141 879 535 141 880 532 141 881 523 151 882 515 151 883 520 151 884 521 171 885 513 171 886 522 171 887 527 151 888 519 151 889 524 151 890 525 171 891 517 171 892 526 171 893 535 171 894 511 171 895 532 171 896 533 151 897 509 151 898 534 151 899 531 171 900 507 171 901 528 171 902 529 151 903 505 151 904 530 151 905 537 141 906 539 141 907 536 141 908 541 141 909 543 141 910 540 141 911 545 141 912 547 141 913 544 141 914 549 141 915 551 141 916 548 141 917 553 161 918 555 161 919 552 161 920 557 161 921 559 161 922 556 161 923 561 161 924 563 161 925 560 161 926 565 161 927 567 161 928 564 161 929 555 151 930 547 151 931 546 151 932 553 171 933 545 171 934 544 171 935 559 151 936 551 151 937 550 151 938 557 171 939 549 171 940 548 171 941 567 171 942 543 171 943 542 171 944 565 151 945 541 151 946 540 151 947 563 171 948 539 171 949 538 171 950 561 151 951 537 151 952 536 151 953 569 141 954 571 141 955 568 141 956 573 141 957 575 141 958 572 141 959 577 141 960 579 141 961 576 141 962 581 161 963 583 161 964 580 161 965 585 161 966 587 161 967 584 161 968 589 161 969 591 161 970 588 161 971 568 39 972 593 39 973 592 39 974 580 39 975 595 39 976 594 39 977 570 40 978 597 40 979 596 40 980 582 40 981 599 40 982 598 40 983 572 39 984 601 39 985 600 39 986 584 39 987 603 39 988 602 39 989 574 40 990 605 40 991 604 40 992 586 40 993 607 40 994 606 40 995 576 40 996 609 40 997 608 40 998 588 40 999 611 40 1000 610 40 1001 578 39 1002 613 39 1003 612 39 1004 590 39 1005 615 39 1006 614 39 1007 598 141 1008 594 141 1009 595 141 1010 596 161 1011 592 161 1012 593 161 1013 606 141 1014 602 141 1015 603 141 1016 604 161 1017 600 161 1018 601 161 1019 614 141 1020 610 141 1021 611 141 1022 612 161 1023 608 161 1024 609 161 1025 617 151 1026 619 151 1027 616 151 1028 621 151 1029 623 151 1030 620 151 1031 625 171 1032 627 171 1033 624 171 1034 629 171 1035 631 171 1036 628 171 1037 624 39 1038 633 39 1039 632 39 1040 616 39 1041 635 39 1042 634 39 1043 618 40 1044 637 40 1045 636 40 1046 626 40 1047 639 40 1048 638 40 1049 620 40 1050 641 40 1051 640 40 1052 628 40 1053 643 40 1054 642 40 1055 630 39 1056 645 39 1057 644 39 1058 622 39 1059 647 39 1060 646 39 1061 636 171 1062 634 171 1063 635 171 1064 638 151 1065 632 151 1066 633 151 1067 644 151 1068 642 151 1069 643 151 1070 646 171 1071 640 171 1072 641 171 1073 649 161 1074 651 161 1075 648 161 1076 653 141 1077 655 141 1078 652 141 1079 655 151 1080 651 151 1081 652 151 1082 653 171 1083 649 171 1084 654 171 1085 657 141 1086 659 141 1087 656 141 1088 661 161 1089 663 161 1090 660 161 1091 663 151 1092 659 151 1093 658 151 1094 661 171 1095 657 171 1096 656 171 1097 665 151 1098 667 151 1099 664 151 1100 669 151 1101 671 151 1102 668 151 1103 673 171 1104 675 171 1105 672 171 1106 677 171 1107 679 171 1108 676 171 1109 674 39 1110 681 39 1111 675 39 1112 683 39 1113 676 39 1114 682 39 1115 666 39 1116 685 39 1117 667 39 1118 687 39 1119 668 39 1120 686 39 1121 670 40 1122 689 40 1123 671 40 1124 691 40 1125 664 40 1126 690 40 1127 678 40 1128 693 40 1129 679 40 1130 695 40 1131 672 40 1132 694 40 1133 688 171 1134 686 171 1135 689 171 1136 684 171 1137 690 171 1138 685 171 1139 692 151 1140 682 151 1141 693 151 1142 680 151 1143 694 151 1144 681 151 1145 697 151 1146 699 151 1147 696 151 1148 701 171 1149 703 171 1150 700 171 1151 702 39 1152 697 39 1153 696 39 1154 705 171 1155 707 171 1156 704 171 1157 709 151 1158 711 151 1159 708 151 1160 708 39 1161 705 39 1162 709 39 1163 713 151 1164 715 151 1165 712 151 1166 717 151 1167 719 151 1168 716 151 1169 721 151 1170 723 151 1171 720 151 1172 725 171 1173 727 171 1174 724 171 1175 729 171 1176 731 171 1177 728 171 1178 733 171 1179 735 171 1180 732 171 1181 737 151 1182 739 151 1183 736 151 1184 741 151 1185 743 151 1186 740 151 1187 745 151 1188 747 151 1189 744 151 1190 749 151 1191 751 151 1192 748 151 1193 753 151 1194 755 151 1195 752 151 1196 757 151 1197 759 151 1198 756 151 1199 761 151 1200 763 151 1201 760 151 1202 765 151 1203 767 151 1204 764 151 1205 769 151 1206 771 151 1207 768 151 1208 773 151 1209 775 151 1210 772 151 1211 777 171 1212 779 171 1213 776 171 1214 781 171 1215 783 171 1216 780 171 1217 785 171 1218 787 171 1219 784 171 1220 789 171 1221 791 171 1222 788 171 1223 793 171 1224 795 171 1225 792 171 1226 797 171 1227 799 171 1228 796 171 1229 801 171 1230 803 171 1231 800 171 1232 805 171 1233 807 171 1234 804 171 1235 809 171 1236 811 171 1237 808 171 1238 813 171 1239 815 171 1240 812 171 1241 715 161 1242 817 161 1243 712 161 1244 719 161 1245 819 161 1246 716 161 1247 723 161 1248 821 161 1249 720 161 1250 823 161 1251 825 161 1252 822 161 1253 827 161 1254 829 161 1255 826 161 1256 727 141 1257 831 141 1258 724 141 1259 731 141 1260 833 141 1261 728 141 1262 735 141 1263 835 141 1264 732 141 1265 837 141 1266 839 141 1267 836 141 1268 841 141 1269 843 141 1270 840 141 1271 739 141 1272 845 141 1273 844 141 1274 737 161 1275 847 161 1276 846 161 1277 743 141 1278 849 141 1279 848 141 1280 741 161 1281 851 161 1282 850 161 1283 747 141 1284 853 141 1285 852 141 1286 745 161 1287 855 161 1288 854 161 1289 751 161 1290 857 161 1291 856 161 1292 749 141 1293 859 141 1294 858 141 1295 755 161 1296 861 161 1297 860 161 1298 753 141 1299 863 141 1300 862 141 1301 759 161 1302 865 161 1303 864 161 1304 757 141 1305 867 141 1306 866 141 1307 763 161 1308 869 161 1309 868 161 1310 761 141 1311 871 141 1312 870 141 1313 767 161 1314 873 161 1315 872 161 1316 765 141 1317 875 141 1318 874 141 1319 771 141 1320 877 141 1321 876 141 1322 769 161 1323 879 161 1324 878 161 1325 775 141 1326 881 141 1327 880 141 1328 773 161 1329 883 161 1330 882 161 1331 779 161 1332 885 161 1333 884 161 1334 777 141 1335 887 141 1336 886 141 1337 783 161 1338 889 161 1339 888 161 1340 781 141 1341 891 141 1342 890 141 1343 787 161 1344 893 161 1345 892 161 1346 785 141 1347 895 141 1348 894 141 1349 791 141 1350 897 141 1351 896 141 1352 789 161 1353 899 161 1354 898 161 1355 795 141 1356 901 141 1357 900 141 1358 793 161 1359 903 161 1360 902 161 1361 799 141 1362 905 141 1363 904 141 1364 797 161 1365 907 161 1366 906 161 1367 803 141 1368 909 141 1369 908 141 1370 801 161 1371 911 161 1372 910 161 1373 807 141 1374 913 141 1375 912 141 1376 805 161 1377 915 161 1378 914 161 1379 811 161 1380 917 161 1381 916 161 1382 809 141 1383 919 141 1384 918 141 1385 815 161 1386 921 161 1387 920 161 1388 813 141 1389 923 141 1390 922 141 1391 822 151 1392 925 151 1393 823 151 1394 826 151 1395 927 151 1396 827 151 1397 836 171 1398 929 171 1399 837 171 1400 840 171 1401 931 171 1402 841 171 1403 713 141 1404 933 141 1405 714 141 1406 717 141 1407 935 141 1408 718 141 1409 721 141 1410 937 141 1411 722 141 1412 924 141 1413 939 141 1414 925 141 1415 926 141 1416 941 141 1417 927 141 1418 725 161 1419 943 161 1420 726 161 1421 729 161 1422 945 161 1423 730 161 1424 733 161 1425 947 161 1426 734 161 1427 928 161 1428 949 161 1429 929 161 1430 930 161 1431 951 161 1432 931 161 1433 938 171 1434 824 171 1435 939 171 1436 940 171 1437 828 171 1438 941 171 1439 839 151 1440 949 151 1441 948 151 1442 843 151 1443 951 151 1444 950 151 1445 847 171 1446 845 171 1447 846 171 1448 851 171 1449 849 171 1450 850 171 1451 855 171 1452 853 171 1453 854 171 1454 856 171 1455 858 171 1456 859 171 1457 860 171 1458 862 171 1459 863 171 1460 864 171 1461 866 171 1462 867 171 1463 868 171 1464 870 171 1465 871 171 1466 872 171 1467 874 171 1468 875 171 1469 879 171 1470 877 171 1471 878 171 1472 883 171 1473 881 171 1474 882 171 1475 884 151 1476 886 151 1477 887 151 1478 888 151 1479 890 151 1480 891 151 1481 892 151 1482 894 151 1483 895 151 1484 899 151 1485 897 151 1486 898 151 1487 903 151 1488 901 151 1489 902 151 1490 907 151 1491 905 151 1492 906 151 1493 911 151 1494 909 151 1495 910 151 1496 915 151 1497 913 151 1498 914 151 1499 916 151 1500 918 151 1501 919 151 1502 920 151 1503 922 151 1504 923 151 1505 932 171 1506 816 171 1507 933 171 1508 934 171 1509 818 171 1510 935 171 1511 936 171 1512 820 171 1513 937 171 1514 831 151 1515 943 151 1516 942 151 1517 833 151 1518 945 151 1519 944 151 1520 835 151 1521 947 151 1522 946 151 1523 953 141 1524 955 141 1525 952 141 1526 957 141 1527 959 141 1528 956 141 1529 961 141 1530 963 141 1531 960 141 1532 965 141 1533 967 141 1534 964 141 1535 969 141 1536 971 141 1537 968 141 1538 973 161 1539 975 161 1540 972 161 1541 977 161 1542 979 161 1543 976 161 1544 981 161 1545 983 161 1546 980 161 1547 985 161 1548 987 161 1549 984 161 1550 989 161 1551 991 161 1552 988 161 1553 953 151 1554 993 151 1555 954 151 1556 955 171 1557 995 171 1558 952 171 1559 957 151 1560 997 151 1561 958 151 1562 959 171 1563 999 171 1564 956 171 1565 961 151 1566 1001 151 1567 962 151 1568 963 171 1569 1003 171 1570 960 171 1571 965 171 1572 1005 171 1573 966 171 1574 967 151 1575 1007 151 1576 964 151 1577 969 171 1578 1009 171 1579 970 171 1580 971 151 1581 1011 151 1582 968 151 1583 973 151 1584 1013 151 1585 974 151 1586 975 171 1587 1015 171 1588 972 171 1589 977 151 1590 1017 151 1591 978 151 1592 979 171 1593 1019 171 1594 976 171 1595 981 151 1596 1021 151 1597 982 151 1598 983 171 1599 1023 171 1600 980 171 1601 985 171 1602 1025 171 1603 986 171 1604 987 151 1605 1027 151 1606 984 151 1607 989 171 1608 1029 171 1609 990 171 1610 991 151 1611 1031 151 1612 988 151 1613 993 161 1614 995 161 1615 994 161 1616 997 161 1617 999 161 1618 998 161 1619 1001 161 1620 1003 161 1621 1002 161 1622 1005 161 1623 1007 161 1624 1006 161 1625 1009 161 1626 1011 161 1627 1010 161 1628 1013 141 1629 1015 141 1630 1014 141 1631 1017 141 1632 1019 141 1633 1018 141 1634 1021 141 1635 1023 141 1636 1022 141 1637 1025 141 1638 1027 141 1639 1026 141 1640 1029 141 1641 1031 141 1642 1030 141 1643 1033 141 1644 1035 141 1645 1032 141 1646 1037 141 1647 1039 141 1648 1036 141 1649 1041 141 1650 1043 141 1651 1040 141 1652 1045 141 1653 1047 141 1654 1044 141 1655 1049 141 1656 1051 141 1657 1048 141 1658 1053 161 1659 1055 161 1660 1052 161 1661 1057 161 1662 1059 161 1663 1056 161 1664 1061 161 1665 1063 161 1666 1060 161 1667 1065 161 1668 1067 161 1669 1064 161 1670 1069 161 1671 1071 161 1672 1068 161 1673 1033 151 1674 1073 151 1675 1034 151 1676 1035 171 1677 1075 171 1678 1032 171 1679 1037 151 1680 1077 151 1681 1038 151 1682 1039 171 1683 1079 171 1684 1036 171 1685 1041 151 1686 1081 151 1687 1042 151 1688 1043 171 1689 1083 171 1690 1040 171 1691 1045 171 1692 1085 171 1693 1046 171 1694 1047 151 1695 1087 151 1696 1044 151 1697 1049 171 1698 1089 171 1699 1050 171 1700 1051 151 1701 1091 151 1702 1048 151 1703 1053 151 1704 1093 151 1705 1054 151 1706 1055 171 1707 1095 171 1708 1052 171 1709 1057 151 1710 1097 151 1711 1058 151 1712 1059 171 1713 1099 171 1714 1056 171 1715 1061 151 1716 1101 151 1717 1062 151 1718 1063 171 1719 1103 171 1720 1060 171 1721 1065 171 1722 1105 171 1723 1066 171 1724 1067 151 1725 1107 151 1726 1064 151 1727 1069 171 1728 1109 171 1729 1070 171 1730 1071 151 1731 1111 151 1732 1068 151 1733 1073 161 1734 1075 161 1735 1074 161 1736 1077 161 1737 1079 161 1738 1078 161 1739 1081 161 1740 1083 161 1741 1082 161 1742 1085 161 1743 1087 161 1744 1086 161 1745 1089 161 1746 1091 161 1747 1090 161 1748 1093 141 1749 1095 141 1750 1094 141 1751 1097 141 1752 1099 141 1753 1098 141 1754 1101 141 1755 1103 141 1756 1102 141 1757 1105 141 1758 1107 141 1759 1106 141 1760 1109 141 1761 1111 141 1762 1110 141 1763 1113 141 1764 1115 141 1765 1112 141 1766 1117 141 1767 1119 141 1768 1116 141 1769 1121 161 1770 1123 161 1771 1120 161 1772 1125 161 1773 1127 161 1774 1124 161 1775 1113 171 1776 1129 171 1777 1114 171 1778 1115 151 1779 1131 151 1780 1112 151 1781 1117 171 1782 1133 171 1783 1118 171 1784 1119 151 1785 1135 151 1786 1116 151 1787 1121 171 1788 1137 171 1789 1122 171 1790 1123 151 1791 1139 151 1792 1120 151 1793 1125 171 1794 1141 171 1795 1126 171 1796 1127 151 1797 1143 151 1798 1124 151 1799 1129 161 1800 1131 161 1801 1130 161 1802 1133 161 1803 1135 161 1804 1134 161 1805 1137 141 1806 1139 141 1807 1138 141 1808 1141 141 1809 1143 141 1810 1142 141 1811 1145 141 1812 1147 141 1813 1144 141 1814 1149 141 1815 1151 141 1816 1148 141 1817 1153 141 1818 1155 141 1819 1152 141 1820 1157 141 1821 1159 141 1822 1156 141 1823 1161 141 1824 1163 141 1825 1160 141 1826 1165 161 1827 1167 161 1828 1164 161 1829 1169 161 1830 1171 161 1831 1168 161 1832 1173 161 1833 1175 161 1834 1172 161 1835 1177 161 1836 1179 161 1837 1176 161 1838 1181 161 1839 1183 161 1840 1180 161 1841 1145 171 1842 1185 171 1843 1184 171 1844 1147 151 1845 1187 151 1846 1186 151 1847 1149 171 1848 1189 171 1849 1188 171 1850 1151 151 1851 1191 151 1852 1190 151 1853 1153 171 1854 1193 171 1855 1192 171 1856 1155 151 1857 1195 151 1858 1194 151 1859 1157 151 1860 1197 151 1861 1196 151 1862 1159 171 1863 1199 171 1864 1198 171 1865 1161 151 1866 1201 151 1867 1200 151 1868 1163 171 1869 1203 171 1870 1202 171 1871 1165 171 1872 1205 171 1873 1204 171 1874 1167 151 1875 1207 151 1876 1206 151 1877 1169 171 1878 1209 171 1879 1208 171 1880 1171 151 1881 1211 151 1882 1210 151 1883 1173 171 1884 1213 171 1885 1212 171 1886 1175 151 1887 1215 151 1888 1214 151 1889 1177 151 1890 1217 151 1891 1216 151 1892 1179 171 1893 1219 171 1894 1218 171 1895 1181 151 1896 1221 151 1897 1220 151 1898 1183 171 1899 1223 171 1900 1222 171 1901 1185 161 1902 1187 161 1903 1184 161 1904 1189 161 1905 1191 161 1906 1188 161 1907 1193 161 1908 1195 161 1909 1192 161 1910 1197 161 1911 1199 161 1912 1196 161 1913 1201 161 1914 1203 161 1915 1200 161 1916 1205 141 1917 1207 141 1918 1204 141 1919 1209 141 1920 1211 141 1921 1208 141 1922 1213 141 1923 1215 141 1924 1212 141 1925 1217 141 1926 1219 141 1927 1216 141 1928 1221 141 1929 1223 141 1930 1220 141 1931 1225 141 1932 1227 141 1933 1224 141 1934 1229 141 1935 1231 141 1936 1228 141 1937 1233 141 1938 1235 141 1939 1232 141 1940 1237 141 1941 1239 141 1942 1236 141 1943 1241 141 1944 1243 141 1945 1240 141 1946 1245 161 1947 1247 161 1948 1244 161 1949 1249 161 1950 1251 161 1951 1248 161 1952 1253 161 1953 1255 161 1954 1252 161 1955 1257 161 1956 1259 161 1957 1256 161 1958 1261 161 1959 1263 161 1960 1260 161 1961 1225 171 1962 1265 171 1963 1264 171 1964 1227 151 1965 1267 151 1966 1266 151 1967 1229 171 1968 1269 171 1969 1268 171 1970 1231 151 1971 1271 151 1972 1270 151 1973 1233 171 1974 1273 171 1975 1272 171 1976 1235 151 1977 1275 151 1978 1274 151 1979 1237 151 1980 1277 151 1981 1276 151 1982 1239 171 1983 1279 171 1984 1278 171 1985 1241 151 1986 1281 151 1987 1280 151 1988 1243 171 1989 1283 171 1990 1282 171 1991 1245 171 1992 1285 171 1993 1284 171 1994 1247 151 1995 1287 151 1996 1286 151 1997 1249 171 1998 1289 171 1999 1288 171 2000 1251 151 2001 1291 151 2002 1290 151 2003 1253 171 2004 1293 171 2005 1292 171 2006 1255 151 2007 1295 151 2008 1294 151 2009 1257 151 2010 1297 151 2011 1296 151 2012 1259 171 2013 1299 171 2014 1298 171 2015 1261 151 2016 1301 151 2017 1300 151 2018 1263 171 2019 1303 171 2020 1302 171 2021 1265 161 2022 1267 161 2023 1264 161 2024 1269 161 2025 1271 161 2026 1268 161 2027 1273 161 2028 1275 161 2029 1272 161 2030 1277 161 2031 1279 161 2032 1276 161 2033 1281 161 2034 1283 161 2035 1280 161 2036 1285 141 2037 1287 141 2038 1284 141 2039 1289 141 2040 1291 141 2041 1288 141 2042 1293 141 2043 1295 141 2044 1292 141 2045 1297 141 2046 1299 141 2047 1296 141 2048 1301 141 2049 1303 141 2050 1300 141 2051 1305 141 2052 1307 141 2053 1304 141 2054 1309 141 2055 1311 141 2056 1308 141 2057 1313 161 2058 1315 161 2059 1312 161 2060 1317 161 2061 1319 161 2062 1316 161 2063 1305 151 2064 1321 151 2065 1320 151 2066 1307 171 2067 1323 171 2068 1322 171 2069 1309 151 2070 1325 151 2071 1324 151 2072 1311 171 2073 1327 171 2074 1326 171 2075 1313 151 2076 1329 151 2077 1328 151 2078 1315 171 2079 1331 171 2080 1330 171 2081 1317 151 2082 1333 151 2083 1332 151 2084 1319 171 2085 1335 171 2086 1334 171 2087 1321 161 2088 1323 161 2089 1320 161 2090 1325 161 2091 1327 161 2092 1324 161 2093 1329 141 2094 1331 141 2095 1328 141 2096 1333 141 2097 1335 141 2098 1332 141 2099 97 86 2100 1336 418 2101 202 419 2102 202 419 2103 66 65 2104 65 39 2105 67 66 2106 87 77 2107 64 64 2108 115 103 2109 1337 420 2110 186 421 2111 186 421 2112 74 68 2113 73 39 2114 75 69 2115 103 92 2116 72 67 2117 384 422 2118 153 122 2119 261 210 2120 120 104 2121 261 210 2122 121 40 2123 141 423 2124 123 106 2125 122 105 2126 414 424 2127 171 133 2128 263 211 2129 128 107 2130 263 211 2131 129 40 2132 159 425 2133 131 109 2134 130 108 2135 1338 151 2136 103 153 2137 188 426 2138 184 151 2139 72 151 2140 1338 151 2141 186 151 2142 183 149 2143 115 150 2144 1339 171 2145 87 173 2146 203 427 2147 200 171 2148 64 171 2149 1339 171 2150 202 171 2151 199 169 2152 97 170 2153 436 151 2154 209 178 2155 208 428 2156 210 151 2157 1340 151 2158 436 151 2159 212 151 2160 215 179 2161 214 181 2162 438 171 2163 237 196 2164 236 429 2165 238 171 2166 1341 171 2167 438 171 2168 240 171 2169 243 197 2170 242 199 2171 203 430 2172 122 105 2173 1339 431 2174 1339 431 2175 121 40 2176 200 40 2177 261 210 2178 199 432 2179 201 40 2180 188 433 2181 130 108 2182 1338 434 2183 1338 434 2184 129 40 2185 184 40 2186 263 211 2187 183 435 2188 185 40 2189 1342 151 2190 140 337 2191 380 436 2192 382 151 2193 123 151 2194 1342 151 2195 384 151 2196 387 340 2197 152 342 2198 1343 151 2199 96 344 2200 390 437 2201 385 151 2202 1336 151 2203 1343 151 2204 67 151 2205 381 338 2206 84 339 2207 1344 171 2208 158 373 2209 410 438 2210 412 171 2211 131 171 2212 1344 171 2213 414 171 2214 417 376 2215 170 378 2216 1345 171 2217 114 380 2218 420 439 2219 415 171 2220 1337 171 2221 1345 171 2222 75 171 2223 411 374 2224 102 375 2225 1344 39 2226 237 39 2227 1341 39 2228 412 39 2229 1341 39 2230 241 39 2231 242 440 2232 413 440 2233 240 440 2234 1342 39 2235 209 39 2236 1340 39 2237 382 39 2238 1340 39 2239 213 39 2240 214 441 2241 383 441 2242 212 441 2243 1343 40 2244 215 40 2245 211 40 2246 385 40 2247 211 40 2248 210 40 2249 208 442 2250 386 442 2251 436 442 2252 1345 40 2253 243 40 2254 239 40 2255 415 40 2256 239 40 2257 238 40 2258 236 443 2259 416 443 2260 438 443 2261 43 42 2262 55 39 2263 53 53 2264 52 51 2265 49 48 2266 48 47 2267 54 54 2268 53 53 2269 55 39 2270 48 47 2271 41 39 2272 40 39 2273 58 61 2274 57 59 2275 51 49 2276 50 39 2277 47 44 2278 42 39 2279 56 57 2280 59 62 2281 50 39 2282 51 49 2283 45 39 2284 44 39 2285 15 40 2286 26 40 2287 31 40 2288 31 40 2289 24 40 2290 29 40 2291 29 40 2292 16 40 2293 19 40 2294 19 40 2295 2 40 2296 1 40 2297 14 40 2298 5 40 2299 15 40 2300 32 40 2301 22 40 2302 34 40 2303 36 40 2304 20 40 2305 38 40 2306 34 40 2307 10 40 2308 9 40 2309 83 39 2310 1346 39 2311 1347 39 2312 1347 39 2313 1348 39 2314 194 39 2315 194 39 2316 62 39 2317 61 39 2318 1349 39 2319 79 72 2320 1350 39 2321 63 39 2322 1350 39 2323 60 39 2324 109 39 2325 1351 39 2326 1352 39 2327 1352 39 2328 1353 39 2329 178 39 2330 178 39 2331 70 39 2332 69 39 2333 1354 39 2334 91 80 2335 1355 39 2336 71 39 2337 1355 39 2338 68 39 2339 1356 40 2340 139 114 2341 1357 40 2342 399 40 2343 1357 40 2344 260 40 2345 260 40 2346 119 40 2347 399 40 2348 133 444 2349 1358 40 2350 1359 40 2351 1359 40 2352 118 40 2353 117 40 2354 1360 40 2355 165 130 2356 1361 40 2357 429 40 2358 1361 40 2359 262 40 2360 262 40 2361 127 40 2362 429 40 2363 145 445 2364 1362 40 2365 1363 40 2366 1363 40 2367 126 40 2368 125 40 2369 1364 141 2370 91 143 2371 180 446 2372 1365 141 2373 1355 141 2374 1364 141 2375 176 141 2376 68 141 2377 1365 141 2378 1352 141 2379 175 139 2380 109 140 2381 178 141 2382 1366 141 2383 1352 141 2384 1367 161 2385 79 163 2386 196 447 2387 1368 161 2388 1350 161 2389 1367 161 2390 192 161 2391 60 161 2392 1368 161 2393 1347 161 2394 191 159 2395 83 160 2396 194 161 2397 1369 161 2398 1347 161 2399 1370 141 2400 223 187 2401 222 448 2402 437 141 2403 1371 141 2404 1370 141 2405 224 141 2406 1372 141 2407 437 141 2408 1373 141 2409 229 188 2410 228 190 2411 226 141 2412 1374 141 2413 1373 141 2414 1375 161 2415 251 205 2416 250 449 2417 439 161 2418 1376 161 2419 1375 161 2420 252 161 2421 1377 161 2422 439 161 2423 1378 161 2424 257 206 2425 256 208 2426 254 161 2427 1379 161 2428 1378 161 2429 196 40 2430 1359 40 2431 1367 40 2432 1367 40 2433 117 40 2434 1368 40 2435 116 40 2436 1368 40 2437 117 40 2438 1357 40 2439 191 40 2440 1369 40 2441 260 40 2442 1369 40 2443 193 40 2444 180 40 2445 1363 40 2446 1364 40 2447 1364 40 2448 125 40 2449 1365 40 2450 124 40 2451 1365 40 2452 125 40 2453 1361 40 2454 175 40 2455 1366 40 2456 262 40 2457 1366 40 2458 177 40 2459 1380 141 2460 132 355 2461 395 450 2462 1381 141 2463 1358 141 2464 1380 141 2465 397 141 2466 118 141 2467 1381 141 2468 1356 141 2469 402 358 2470 136 360 2471 399 141 2472 1382 141 2473 1356 141 2474 1383 141 2475 82 362 2476 405 451 2477 1384 141 2478 1346 141 2479 1383 141 2480 400 141 2481 1348 141 2482 1384 141 2483 1349 141 2484 396 356 2485 76 357 2486 63 141 2487 1385 141 2488 1349 141 2489 1386 161 2490 144 391 2491 425 452 2492 1387 161 2493 1362 161 2494 1386 161 2495 427 161 2496 126 161 2497 1387 161 2498 1360 161 2499 432 394 2500 164 396 2501 429 161 2502 1388 161 2503 1360 161 2504 1389 161 2505 108 398 2506 435 453 2507 1390 161 2508 1351 161 2509 1389 161 2510 430 161 2511 1353 161 2512 1390 161 2513 1354 161 2514 426 392 2515 88 393 2516 71 161 2517 1391 161 2518 1354 161 2519 1386 39 2520 251 39 2521 1376 39 2522 1387 39 2523 1376 39 2524 1377 39 2525 427 39 2526 1377 39 2527 255 39 2528 256 39 2529 1388 39 2530 1378 39 2531 1378 39 2532 428 39 2533 254 39 2534 1380 39 2535 223 39 2536 1371 39 2537 1381 39 2538 1371 39 2539 1372 39 2540 397 39 2541 1372 39 2542 227 39 2543 228 39 2544 1382 39 2545 1373 39 2546 1373 39 2547 398 39 2548 226 39 2549 1383 40 2550 229 40 2551 1374 40 2552 1384 40 2553 1374 40 2554 225 40 2555 400 40 2556 225 40 2557 224 40 2558 222 40 2559 1385 40 2560 1370 40 2561 1370 40 2562 401 40 2563 437 40 2564 1389 40 2565 257 40 2566 1379 40 2567 1390 40 2568 1379 40 2569 253 40 2570 430 40 2571 253 40 2572 252 40 2573 250 40 2574 1391 40 2575 1375 40 2576 1375 40 2577 431 40 2578 439 40 2579 1393 454 2580 1395 455 2581 1392 456 2582 1396 457 2583 1394 458 2584 1393 454 2585 264 214 2586 1397 459 2587 1396 457 2588 1399 460 2589 1401 461 2590 1398 462 2591 266 463 2592 1400 464 2593 1399 460 2594 1394 465 2595 1403 466 2596 1395 467 2597 1397 468 2598 1402 469 2599 1394 465 2600 267 217 2601 1404 470 2602 1397 468 2603 1406 471 2604 1398 472 2605 1405 473 2606 268 218 2607 1399 474 2608 1406 471 2609 1402 469 2610 1408 475 2611 1403 466 2612 1404 470 2613 1407 476 2614 1402 469 2615 269 216 2616 1409 477 2617 1404 470 2618 1411 478 2619 1405 473 2620 1410 479 2621 270 220 2622 1406 471 2623 1411 478 2624 1407 476 2625 1413 480 2626 1408 475 2627 1409 477 2628 1412 481 2629 1407 476 2630 271 219 2631 1414 482 2632 1409 477 2633 1416 483 2634 1410 479 2635 1415 222 2636 272 222 2637 1411 478 2638 1416 483 2639 1412 481 2640 1418 484 2641 1413 480 2642 1414 482 2643 1417 485 2644 1412 481 2645 273 221 2646 1419 486 2647 1414 482 2648 1421 487 2649 1415 222 2650 1420 488 2651 274 485 2652 1416 483 2653 1421 487 2654 1417 489 2655 1423 490 2656 1418 491 2657 1419 492 2658 1422 493 2659 1417 489 2660 275 226 2661 1424 489 2662 1419 492 2663 1426 494 2664 1420 495 2665 1425 496 2666 276 497 2667 1421 489 2668 1426 494 2669 1422 498 2670 1428 499 2671 1423 500 2672 1424 501 2673 1427 502 2674 1422 498 2675 277 229 2676 1429 503 2677 1424 501 2678 1431 504 2679 1425 505 2680 1430 506 2681 278 230 2682 1426 507 2683 1431 504 2684 1427 502 2685 1433 508 2686 1428 499 2687 1429 503 2688 1432 509 2689 1427 502 2690 279 228 2691 1434 510 2692 1429 503 2693 1436 511 2694 1430 506 2695 1435 512 2696 280 232 2697 1431 504 2698 1436 511 2699 1432 509 2700 1438 513 2701 1433 508 2702 1434 510 2703 1437 514 2704 1432 509 2705 281 231 2706 1439 515 2707 1434 510 2708 1441 516 2709 1435 512 2710 1440 517 2711 282 234 2712 1436 511 2713 1441 516 2714 1437 514 2715 1392 518 2716 1438 513 2717 1439 515 2718 1393 519 2719 1437 514 2720 283 233 2721 1396 520 2722 1439 515 2723 1400 521 2724 1440 517 2725 1401 522 2726 265 523 2727 1441 516 2728 1400 521 2729 1443 524 2730 1445 525 2731 1442 526 2732 1446 527 2733 1444 528 2734 1443 524 2735 284 238 2736 1447 529 2737 1446 527 2738 1449 530 2739 1451 531 2740 1448 532 2741 286 533 2742 1450 534 2743 1449 530 2744 1444 535 2745 1453 536 2746 1445 537 2747 1447 538 2748 1452 539 2749 1444 535 2750 287 241 2751 1454 540 2752 1447 538 2753 1456 541 2754 1448 542 2755 1455 543 2756 288 544 2757 1449 545 2758 1456 541 2759 1452 546 2760 1458 547 2761 1453 548 2762 1454 549 2763 1457 550 2764 1452 546 2765 289 244 2766 1459 551 2767 1454 549 2768 1461 552 2769 1455 553 2770 1460 554 2771 290 243 2772 1456 546 2773 1461 552 2774 1457 550 2775 1463 555 2776 1458 547 2777 1459 551 2778 1462 556 2779 1457 550 2780 291 243 2781 1464 557 2782 1459 551 2783 1466 558 2784 1460 554 2785 1465 559 2786 292 246 2787 1461 552 2788 1466 558 2789 1462 556 2790 1468 560 2791 1463 555 2792 1464 557 2793 1467 561 2794 1462 556 2795 293 245 2796 1469 562 2797 1464 557 2798 1471 563 2799 1465 559 2800 1470 564 2801 294 248 2802 1466 558 2803 1471 563 2804 1467 561 2805 1473 565 2806 1468 560 2807 1469 562 2808 1472 566 2809 1467 561 2810 295 247 2811 1474 567 2812 1469 562 2813 1476 568 2814 1470 564 2815 1475 569 2816 296 570 2817 1471 563 2818 1476 568 2819 1472 571 2820 1478 251 2821 1473 572 2822 1474 573 2823 1477 574 2824 1472 571 2825 297 252 2826 1479 250 2827 1474 573 2828 1481 575 2829 1475 576 2830 1480 577 2831 298 578 2832 1476 250 2833 1481 575 2834 1477 579 2835 1483 580 2836 1478 581 2837 1479 582 2838 1482 583 2839 1477 579 2840 299 255 2841 1484 584 2842 1479 582 2843 1486 585 2844 1480 586 2845 1485 587 2846 300 256 2847 1481 588 2848 1486 585 2849 1482 583 2850 1488 589 2851 1483 580 2852 1484 584 2853 1487 590 2854 1482 583 2855 301 254 2856 1489 591 2857 1484 584 2858 1491 592 2859 1485 587 2860 1490 593 2861 302 258 2862 1486 585 2863 1491 592 2864 1487 590 2865 1442 526 2866 1488 589 2867 1489 591 2868 1443 524 2869 1487 590 2870 303 257 2871 1446 527 2872 1489 591 2873 1450 534 2874 1490 593 2875 1451 531 2876 285 236 2877 1491 592 2878 1450 534 2879 1493 594 2880 1495 260 2881 1492 595 2882 1496 596 2883 1494 597 2884 1493 594 2885 304 261 2886 1497 259 2887 1496 596 2888 1499 598 2889 1501 599 2890 1498 600 2891 306 601 2892 1500 259 2893 1499 598 2894 1494 602 2895 1503 603 2896 1495 604 2897 1497 605 2898 1502 606 2899 1494 602 2900 307 264 2901 1504 607 2902 1497 605 2903 1506 608 2904 1498 609 2905 1505 610 2906 308 265 2907 1499 611 2908 1506 608 2909 1502 606 2910 1508 612 2911 1503 603 2912 1504 607 2913 1507 613 2914 1502 606 2915 309 263 2916 1509 614 2917 1504 607 2918 1511 615 2919 1505 610 2920 1510 616 2921 310 267 2922 1506 608 2923 1511 615 2924 1507 613 2925 1513 617 2926 1508 612 2927 1509 614 2928 1512 618 2929 1507 613 2930 311 266 2931 1514 619 2932 1509 614 2933 1516 620 2934 1510 616 2935 1515 621 2936 312 269 2937 1511 615 2938 1516 620 2939 1512 618 2940 1518 622 2941 1513 617 2942 1514 619 2943 1517 623 2944 1512 618 2945 313 268 2946 1519 624 2947 1514 619 2948 1521 625 2949 1515 621 2950 1520 626 2951 314 627 2952 1516 620 2953 1521 625 2954 1517 628 2955 1523 629 2956 1518 630 2957 1519 631 2958 1522 632 2959 1517 628 2960 315 273 2961 1524 633 2962 1519 631 2963 1526 634 2964 1520 635 2965 1525 636 2966 316 637 2967 1521 638 2968 1526 634 2969 1522 639 2970 1528 640 2971 1523 641 2972 1524 642 2973 1527 643 2974 1522 639 2975 317 276 2976 1529 644 2977 1524 642 2978 1531 645 2979 1525 646 2980 1530 647 2981 318 275 2982 1526 639 2983 1531 645 2984 1527 643 2985 1533 648 2986 1528 640 2987 1529 644 2988 1532 649 2989 1527 643 2990 319 275 2991 1534 650 2992 1529 644 2993 1536 651 2994 1530 647 2995 1535 652 2996 320 278 2997 1531 645 2998 1536 651 2999 1532 649 3000 1538 653 3001 1533 648 3002 1534 650 3003 1537 654 3004 1532 649 3005 321 277 3006 1539 655 3007 1534 650 3008 1541 656 3009 1535 652 3010 1540 657 3011 322 280 3012 1536 651 3013 1541 656 3014 1537 654 3015 1492 658 3016 1538 653 3017 1539 655 3018 1493 659 3019 1537 654 3020 323 279 3021 1496 660 3022 1539 655 3023 1500 661 3024 1540 657 3025 1501 662 3026 305 663 3027 1541 656 3028 1500 661 3029 1543 664 3030 1545 665 3031 1542 666 3032 1546 667 3033 1544 668 3034 1543 664 3035 324 284 3036 1547 669 3037 1546 667 3038 1549 670 3039 1551 671 3040 1548 672 3041 326 673 3042 1550 674 3043 1549 670 3044 1544 675 3045 1553 676 3046 1545 677 3047 1547 678 3048 1552 679 3049 1544 675 3050 327 287 3051 1554 680 3052 1547 678 3053 1556 681 3054 1548 682 3055 1555 683 3056 328 288 3057 1549 684 3058 1556 681 3059 1552 679 3060 1558 685 3061 1553 676 3062 1554 680 3063 1557 686 3064 1552 679 3065 329 286 3066 1559 687 3067 1554 680 3068 1561 688 3069 1555 683 3070 1560 689 3071 330 290 3072 1556 681 3073 1561 688 3074 1557 686 3075 1563 690 3076 1558 685 3077 1559 687 3078 1562 691 3079 1557 686 3080 331 289 3081 1564 692 3082 1559 687 3083 1566 693 3084 1560 689 3085 1565 292 3086 332 292 3087 1561 688 3088 1566 693 3089 1562 691 3090 1568 694 3091 1563 690 3092 1564 692 3093 1567 695 3094 1562 691 3095 333 291 3096 1569 696 3097 1564 692 3098 1571 697 3099 1565 292 3100 1570 698 3101 334 695 3102 1566 693 3103 1571 697 3104 1567 699 3105 1573 700 3106 1568 701 3107 1569 702 3108 1572 703 3109 1567 699 3110 335 296 3111 1574 699 3112 1569 702 3113 1576 704 3114 1570 705 3115 1575 706 3116 336 707 3117 1571 699 3118 1576 704 3119 1572 708 3120 1578 709 3121 1573 710 3122 1574 711 3123 1577 712 3124 1572 708 3125 337 299 3126 1579 713 3127 1574 711 3128 1581 714 3129 1575 715 3130 1580 716 3131 338 300 3132 1576 717 3133 1581 714 3134 1577 712 3135 1583 718 3136 1578 709 3137 1579 713 3138 1582 719 3139 1577 712 3140 339 298 3141 1584 720 3142 1579 713 3143 1586 721 3144 1580 716 3145 1585 722 3146 340 302 3147 1581 714 3148 1586 721 3149 1582 719 3150 1588 723 3151 1583 718 3152 1584 720 3153 1587 724 3154 1582 719 3155 341 301 3156 1589 725 3157 1584 720 3158 1591 726 3159 1585 722 3160 1590 727 3161 342 304 3162 1586 721 3163 1591 726 3164 1587 724 3165 1542 728 3166 1588 723 3167 1589 725 3168 1543 729 3169 1587 724 3170 343 303 3171 1546 730 3172 1589 725 3173 1550 731 3174 1590 727 3175 1551 732 3176 325 733 3177 1591 726 3178 1550 731 3179 1398 462 3180 133 734 3181 196 735 3182 1405 473 3183 196 447 3184 195 162 3185 1410 479 3186 195 162 3187 197 165 3188 1415 222 3189 197 165 3190 198 167 3191 1420 488 3192 198 167 3193 199 169 3194 1425 496 3195 199 736 3196 153 737 3197 1430 506 3198 153 738 3199 151 739 3200 1435 512 3201 151 739 3202 148 740 3203 1440 517 3204 148 740 3205 134 741 3206 1401 522 3207 134 741 3208 133 742 3209 1448 532 3210 190 157 3211 191 159 3212 1455 543 3213 191 743 3214 139 744 3215 1460 554 3216 139 745 3217 138 746 3218 1465 559 3219 138 746 3220 155 747 3221 1470 564 3222 155 747 3223 157 748 3224 1475 569 3225 157 748 3226 159 749 3227 1480 577 3228 159 750 3229 188 751 3230 1485 587 3231 188 426 3232 187 152 3233 1490 593 3234 187 152 3235 189 155 3236 1451 531 3237 189 155 3238 190 157 3239 1498 600 3240 141 752 3241 203 753 3242 1505 610 3243 203 427 3244 173 172 3245 1510 616 3246 173 172 3247 172 134 3248 1515 621 3249 172 134 3250 174 137 3251 1520 626 3252 174 137 3253 175 139 3254 1525 636 3255 175 754 3256 165 755 3257 1530 647 3258 165 756 3259 163 757 3260 1535 652 3261 163 757 3262 160 758 3263 1540 657 3264 160 758 3265 142 759 3266 1501 662 3267 142 759 3268 141 760 3269 1548 672 3270 145 761 3271 180 762 3272 1555 683 3273 180 446 3274 179 142 3275 1560 689 3276 179 142 3277 181 145 3278 1565 292 3279 181 145 3280 182 147 3281 1570 698 3282 182 147 3283 183 149 3284 1575 706 3285 183 763 3286 171 764 3287 1580 716 3288 171 765 3289 169 766 3290 1585 722 3291 169 766 3292 166 767 3293 1590 727 3294 166 767 3295 146 768 3296 1551 732 3297 146 768 3298 145 769 3299 1 0 3300 2 12 3301 3 1 3302 5 3 3303 6 15 3304 7 4 3305 9 6 3306 10 17 3307 11 7 3308 13 9 3309 14 770 3310 15 10 3311 2 12 3312 16 19 3313 17 13 3314 0 2 3315 18 24 3316 19 14 3317 6 15 3318 20 29 3319 21 16 3320 10 17 3321 22 34 3322 23 18 3323 16 19 3324 24 21 3325 25 20 3326 24 21 3327 26 23 3328 27 22 3329 26 23 3330 5 3 3331 4 5 3332 18 24 3333 28 26 3334 29 25 3335 28 26 3336 30 28 3337 31 27 3338 30 28 3339 12 11 3340 15 10 3341 20 29 3342 32 31 3343 33 30 3344 32 31 3345 34 33 3346 35 32 3347 34 33 3348 9 6 3349 8 8 3350 22 34 3351 36 36 3352 37 35 3353 36 36 3354 38 38 3355 39 37 3356 38 38 3357 14 770 3358 13 9 3359 3 39 3360 40 39 3361 41 39 3362 14 40 3363 38 40 3364 20 40 3365 7 41 3366 42 39 3367 43 42 3368 11 39 3369 44 39 3370 45 39 3371 47 44 3372 13 63 3373 12 45 3374 3 39 3375 17 50 3376 48 47 3377 49 48 3378 18 55 3379 0 39 3380 7 41 3381 21 52 3382 50 39 3383 11 39 3384 23 60 3385 51 49 3386 17 50 3387 25 771 3388 52 51 3389 52 51 3390 25 771 3391 27 52 3392 53 53 3393 27 52 3394 4 43 3395 54 54 3396 28 772 3397 18 55 3398 30 56 3399 28 772 3400 54 54 3401 12 45 3402 30 56 3403 55 39 3404 21 52 3405 33 771 3406 56 57 3407 56 57 3408 33 771 3409 35 58 3410 57 59 3411 35 58 3412 8 39 3413 23 60 3414 37 772 3415 58 61 3416 58 61 3417 37 772 3418 39 56 3419 59 62 3420 39 56 3421 13 63 3422 42 39 3423 47 44 3424 46 46 3425 60 39 3426 61 39 3427 62 39 3428 64 64 3429 65 39 3430 66 65 3431 68 39 3432 69 39 3433 70 39 3434 72 67 3435 73 39 3436 74 68 3437 76 70 3438 77 81 3439 78 71 3440 80 73 3441 81 88 3442 82 74 3443 84 75 3444 85 93 3445 86 76 3446 88 78 3447 89 98 3448 90 79 3449 77 81 3450 92 773 3451 93 82 3452 93 82 3453 92 773 3454 94 83 3455 95 84 3456 94 83 3457 96 85 3458 98 87 3459 99 774 3460 81 88 3461 100 89 3462 99 774 3463 98 87 3464 102 91 3465 100 89 3466 101 90 3467 85 93 3468 104 775 3469 105 94 3470 105 94 3471 104 775 3472 106 95 3473 107 96 3474 106 95 3475 108 97 3476 89 98 3477 110 776 3478 111 99 3479 111 99 3480 110 776 3481 112 100 3482 113 101 3483 112 100 3484 114 102 3485 117 40 3486 118 40 3487 119 40 3488 120 104 3489 121 40 3490 122 105 3491 125 40 3492 126 40 3493 127 40 3494 128 107 3495 129 40 3496 130 108 3497 132 110 3498 133 444 3499 134 111 3500 136 112 3501 137 40 3502 138 113 3503 140 115 3504 141 423 3505 142 116 3506 144 118 3507 145 445 3508 146 113 3509 135 40 3510 134 111 3511 148 119 3512 150 117 3513 149 120 3514 148 119 3515 152 121 3516 150 117 3517 151 116 3518 137 40 3519 154 125 3520 155 123 3521 156 124 3522 157 127 3523 155 123 3524 158 126 3525 159 425 3526 157 127 3527 143 117 3528 142 116 3529 160 128 3530 162 40 3531 161 120 3532 160 128 3533 164 129 3534 162 40 3535 163 111 3536 147 40 3537 146 113 3538 166 131 3539 168 124 3540 167 125 3541 166 131 3542 170 132 3543 168 124 3544 169 127 3545 172 134 3546 173 172 3547 86 135 3548 174 137 3549 172 134 3550 105 136 3551 175 139 3552 174 137 3553 107 138 3554 177 141 3555 178 141 3556 69 141 3557 179 142 3558 180 446 3559 91 143 3560 181 145 3561 179 142 3562 90 144 3563 182 147 3564 181 145 3565 111 146 3566 183 149 3567 182 147 3568 113 148 3569 185 151 3570 186 151 3571 73 151 3572 187 152 3573 188 426 3574 103 153 3575 189 155 3576 187 152 3577 101 154 3578 190 157 3579 189 155 3580 98 156 3581 191 159 3582 190 157 3583 80 158 3584 193 161 3585 194 161 3586 61 161 3587 195 162 3588 196 447 3589 79 163 3590 197 165 3591 195 162 3592 78 164 3593 198 167 3594 197 165 3595 93 166 3596 199 169 3597 198 167 3598 95 168 3599 201 171 3600 202 171 3601 65 171 3602 173 172 3603 203 427 3604 87 173 3605 205 174 3606 206 177 3607 207 175 3608 206 177 3609 208 428 3610 209 178 3611 211 151 3612 212 151 3613 213 151 3614 215 179 3615 216 182 3616 217 180 3617 216 182 3618 218 184 3619 219 183 3620 218 184 3621 220 186 3622 221 185 3623 220 186 3624 222 448 3625 223 187 3626 225 141 3627 226 141 3628 227 141 3629 229 188 3630 230 191 3631 231 189 3632 230 191 3633 232 193 3634 233 192 3635 232 193 3636 234 195 3637 235 194 3638 234 195 3639 236 429 3640 237 196 3641 239 171 3642 240 171 3643 241 171 3644 243 197 3645 244 200 3646 245 198 3647 244 200 3648 246 202 3649 247 201 3650 246 202 3651 248 204 3652 249 203 3653 248 204 3654 250 449 3655 251 205 3656 253 161 3657 254 161 3658 255 161 3659 257 206 3660 258 209 3661 259 207 3662 258 209 3663 205 174 3664 204 176 3665 116 40 3666 260 40 3667 193 40 3668 201 40 3669 200 40 3670 121 40 3671 124 40 3672 262 40 3673 177 40 3674 185 40 3675 184 40 3676 129 40 3677 265 212 3678 266 463 3679 267 213 3680 266 215 3681 268 218 3682 269 216 3683 268 218 3684 270 220 3685 271 219 3686 270 220 3687 272 222 3688 273 221 3689 272 222 3690 274 485 3691 275 223 3692 274 224 3693 276 497 3694 277 225 3695 276 227 3696 278 230 3697 279 228 3698 278 230 3699 280 232 3700 281 231 3701 280 232 3702 282 234 3703 283 233 3704 282 234 3705 265 523 3706 264 235 3707 285 236 3708 286 533 3709 287 237 3710 286 239 3711 288 544 3712 289 240 3713 288 242 3714 290 243 3715 291 243 3716 290 243 3717 292 246 3718 293 245 3719 292 246 3720 294 248 3721 295 247 3722 294 248 3723 296 570 3724 297 249 3725 296 250 3726 298 578 3727 299 251 3728 298 253 3729 300 256 3730 301 254 3731 300 256 3732 302 258 3733 303 257 3734 302 258 3735 285 236 3736 284 238 3737 305 259 3738 306 601 3739 307 260 3740 306 262 3741 308 265 3742 309 263 3743 308 265 3744 310 267 3745 311 266 3746 310 267 3747 312 269 3748 313 268 3749 312 269 3750 314 627 3751 315 270 3752 314 271 3753 316 637 3754 317 272 3755 316 274 3756 318 275 3757 319 275 3758 318 275 3759 320 278 3760 321 277 3761 320 278 3762 322 280 3763 323 279 3764 322 280 3765 305 663 3766 304 281 3767 325 282 3768 326 673 3769 327 283 3770 326 285 3771 328 288 3772 329 286 3773 328 288 3774 330 290 3775 331 289 3776 330 290 3777 332 292 3778 333 291 3779 332 292 3780 334 695 3781 335 293 3782 334 294 3783 336 707 3784 337 295 3785 336 297 3786 338 300 3787 339 298 3788 338 300 3789 340 302 3790 341 301 3791 340 302 3792 342 304 3793 343 303 3794 342 304 3795 325 733 3796 324 305 3797 345 141 3798 346 141 3799 347 141 3800 349 161 3801 350 161 3802 351 161 3803 352 306 3804 353 777 3805 351 307 3806 344 309 3807 354 778 3808 355 310 3809 356 312 3810 357 779 3811 347 313 3812 348 315 3813 358 780 3814 359 316 3815 361 141 3816 362 141 3817 363 141 3818 365 161 3819 366 161 3820 367 161 3821 369 318 3822 364 781 3823 367 319 3824 370 321 3825 371 782 3826 362 322 3827 373 324 3828 360 783 3829 363 325 3830 374 327 3831 375 784 3832 366 328 3833 376 330 3834 377 336 3835 143 331 3836 378 333 3837 379 401 3838 104 334 3839 377 336 3840 380 436 3841 140 337 3842 381 338 3843 378 333 3844 85 335 3845 383 151 3846 384 151 3847 120 151 3848 386 151 3849 67 151 3850 66 151 3851 387 340 3852 388 346 3853 150 341 3854 389 343 3855 390 437 3856 96 344 3857 388 346 3858 391 350 3859 149 347 3860 392 348 3861 389 343 3862 94 345 3863 391 350 3864 393 354 3865 135 351 3866 394 352 3867 392 348 3868 92 349 3869 393 354 3870 395 450 3871 132 355 3872 396 356 3873 394 352 3874 77 353 3875 398 141 3876 399 141 3877 119 141 3878 401 141 3879 63 141 3880 62 141 3881 402 358 3882 403 364 3883 137 359 3884 404 361 3885 405 451 3886 82 362 3887 403 364 3888 406 368 3889 154 365 3890 407 366 3891 404 361 3892 81 363 3893 406 368 3894 408 372 3895 156 369 3896 409 370 3897 407 366 3898 99 367 3899 408 372 3900 410 438 3901 158 373 3902 411 374 3903 409 370 3904 100 371 3905 413 171 3906 414 171 3907 128 171 3908 416 171 3909 75 171 3910 74 171 3911 417 376 3912 418 382 3913 168 377 3914 419 379 3915 420 439 3916 114 380 3917 418 382 3918 421 386 3919 167 383 3920 422 384 3921 419 379 3922 112 381 3923 421 386 3924 423 390 3925 147 387 3926 424 388 3927 422 384 3928 110 385 3929 423 390 3930 425 452 3931 144 391 3932 426 392 3933 424 388 3934 89 389 3935 428 161 3936 429 161 3937 127 161 3938 431 161 3939 71 161 3940 70 161 3941 432 394 3942 433 400 3943 162 395 3944 434 397 3945 435 453 3946 108 398 3947 433 400 3948 376 330 3949 161 332 3950 379 401 3951 434 397 3952 106 399 3953 377 408 3954 376 408 3955 204 408 3956 433 407 3957 259 407 3958 204 407 3959 432 39 3960 256 39 3961 259 39 3962 427 39 3963 255 39 3964 254 39 3965 425 406 3966 423 406 3967 249 406 3968 423 39 3969 421 39 3970 247 39 3971 418 39 3972 245 39 3973 247 39 3974 417 39 3975 242 39 3976 245 39 3977 412 39 3978 241 39 3979 240 39 3980 410 39 3981 408 39 3982 235 39 3983 408 404 3984 406 404 3985 233 404 3986 403 403 3987 231 403 3988 233 403 3989 402 39 3990 228 39 3991 231 39 3992 397 39 3993 227 39 3994 226 39 3995 395 402 3996 393 402 3997 221 402 3998 393 39 3999 391 39 4000 219 39 4001 388 39 4002 217 39 4003 219 39 4004 387 39 4005 214 39 4006 217 39 4007 382 39 4008 213 39 4009 212 39 4010 380 39 4011 377 39 4012 207 39 4013 378 40 4014 206 40 4015 205 40 4016 381 40 4017 208 40 4018 206 40 4019 385 40 4020 210 40 4021 436 40 4022 390 410 4023 389 410 4024 216 410 4025 389 40 4026 392 40 4027 218 40 4028 394 40 4029 220 40 4030 218 40 4031 396 417 4032 222 417 4033 220 417 4034 400 40 4035 224 40 4036 437 40 4037 405 416 4038 404 416 4039 230 416 4040 404 40 4041 407 40 4042 232 40 4043 409 40 4044 234 40 4045 232 40 4046 411 40 4047 236 40 4048 234 40 4049 415 40 4050 238 40 4051 438 40 4052 420 414 4053 419 414 4054 244 414 4055 419 40 4056 422 40 4057 246 40 4058 424 40 4059 248 40 4060 246 40 4061 426 413 4062 250 413 4063 248 413 4064 430 40 4065 252 40 4066 439 40 4067 435 412 4068 434 412 4069 258 412 4070 434 40 4071 379 40 4072 205 40 4073 441 151 4074 442 151 4075 443 151 4076 445 171 4077 446 171 4078 447 171 4079 448 141 4080 449 141 4081 443 141 4082 450 141 4083 451 141 4084 445 141 4085 452 161 4086 453 161 4087 447 161 4088 454 161 4089 455 161 4090 441 161 4091 457 151 4092 458 151 4093 459 151 4094 461 171 4095 462 171 4096 463 171 4097 465 161 4098 456 161 4099 459 161 4100 467 161 4101 462 161 4102 461 161 4103 469 141 4104 460 141 4105 463 141 4106 471 141 4107 458 141 4108 457 141 4109 473 171 4110 474 171 4111 475 171 4112 477 171 4113 478 171 4114 479 171 4115 481 151 4116 482 151 4117 483 151 4118 485 151 4119 486 151 4120 487 151 4121 483 161 4122 476 161 4123 479 161 4124 481 141 4125 478 141 4126 477 141 4127 487 141 4128 472 141 4129 475 141 4130 485 161 4131 474 161 4132 473 161 4133 489 151 4134 490 151 4135 491 151 4136 493 151 4137 494 151 4138 495 151 4139 497 171 4140 498 171 4141 499 171 4142 501 171 4143 502 171 4144 503 171 4145 499 161 4146 498 161 4147 495 161 4148 497 141 4149 496 141 4150 493 141 4151 503 141 4152 502 141 4153 491 141 4154 501 161 4155 500 161 4156 489 161 4157 505 161 4158 506 161 4159 507 161 4160 509 161 4161 510 161 4162 511 161 4163 513 161 4164 514 161 4165 515 161 4166 517 161 4167 518 161 4168 519 161 4169 521 141 4170 522 141 4171 523 141 4172 525 141 4173 526 141 4174 527 141 4175 529 141 4176 530 141 4177 531 141 4178 533 141 4179 534 141 4180 535 141 4181 523 151 4182 512 151 4183 515 151 4184 521 171 4185 514 171 4186 513 171 4187 527 151 4188 516 151 4189 519 151 4190 525 171 4191 518 171 4192 517 171 4193 535 171 4194 508 171 4195 511 171 4196 533 151 4197 510 151 4198 509 151 4199 531 171 4200 504 171 4201 507 171 4202 529 151 4203 506 151 4204 505 151 4205 537 141 4206 538 141 4207 539 141 4208 541 141 4209 542 141 4210 543 141 4211 545 141 4212 546 141 4213 547 141 4214 549 141 4215 550 141 4216 551 141 4217 553 161 4218 554 161 4219 555 161 4220 557 161 4221 558 161 4222 559 161 4223 561 161 4224 562 161 4225 563 161 4226 565 161 4227 566 161 4228 567 161 4229 555 151 4230 554 151 4231 547 151 4232 553 171 4233 552 171 4234 545 171 4235 559 151 4236 558 151 4237 551 151 4238 557 171 4239 556 171 4240 549 171 4241 567 171 4242 566 171 4243 543 171 4244 565 151 4245 564 151 4246 541 151 4247 563 171 4248 562 171 4249 539 171 4250 561 151 4251 560 151 4252 537 151 4253 569 141 4254 570 141 4255 571 141 4256 573 141 4257 574 141 4258 575 141 4259 577 141 4260 578 141 4261 579 141 4262 581 161 4263 582 161 4264 583 161 4265 585 161 4266 586 161 4267 587 161 4268 589 161 4269 590 161 4270 591 161 4271 568 39 4272 571 39 4273 593 39 4274 580 39 4275 583 39 4276 595 39 4277 570 40 4278 569 40 4279 597 40 4280 582 40 4281 581 40 4282 599 40 4283 572 39 4284 575 39 4285 601 39 4286 584 39 4287 587 39 4288 603 39 4289 574 40 4290 573 40 4291 605 40 4292 586 40 4293 585 40 4294 607 40 4295 576 40 4296 579 40 4297 609 40 4298 588 40 4299 591 40 4300 611 40 4301 578 39 4302 577 39 4303 613 39 4304 590 39 4305 589 39 4306 615 39 4307 598 141 4308 599 141 4309 594 141 4310 596 161 4311 597 161 4312 592 161 4313 606 141 4314 607 141 4315 602 141 4316 604 161 4317 605 161 4318 600 161 4319 614 141 4320 615 141 4321 610 141 4322 612 161 4323 613 161 4324 608 161 4325 617 151 4326 618 151 4327 619 151 4328 621 151 4329 622 151 4330 623 151 4331 625 171 4332 626 171 4333 627 171 4334 629 171 4335 630 171 4336 631 171 4337 624 39 4338 627 39 4339 633 39 4340 616 39 4341 619 39 4342 635 39 4343 618 40 4344 617 40 4345 637 40 4346 626 40 4347 625 40 4348 639 40 4349 620 40 4350 623 40 4351 641 40 4352 628 40 4353 631 40 4354 643 40 4355 630 39 4356 629 39 4357 645 39 4358 622 39 4359 621 39 4360 647 39 4361 636 171 4362 637 171 4363 634 171 4364 638 151 4365 639 151 4366 632 151 4367 644 151 4368 645 151 4369 642 151 4370 646 171 4371 647 171 4372 640 171 4373 649 161 4374 650 161 4375 651 161 4376 653 141 4377 654 141 4378 655 141 4379 655 151 4380 648 151 4381 651 151 4382 653 171 4383 650 171 4384 649 171 4385 657 141 4386 658 141 4387 659 141 4388 661 161 4389 662 161 4390 663 161 4391 663 151 4392 662 151 4393 659 151 4394 661 171 4395 660 171 4396 657 171 4397 665 151 4398 666 151 4399 667 151 4400 669 151 4401 670 151 4402 671 151 4403 673 171 4404 674 171 4405 675 171 4406 677 171 4407 678 171 4408 679 171 4409 674 39 4410 680 39 4411 681 39 4412 683 39 4413 677 39 4414 676 39 4415 666 39 4416 684 39 4417 685 39 4418 687 39 4419 669 39 4420 668 39 4421 670 40 4422 688 40 4423 689 40 4424 691 40 4425 665 40 4426 664 40 4427 678 40 4428 692 40 4429 693 40 4430 695 40 4431 673 40 4432 672 40 4433 688 171 4434 687 171 4435 686 171 4436 684 171 4437 691 171 4438 690 171 4439 692 151 4440 683 151 4441 682 151 4442 680 151 4443 695 151 4444 694 151 4445 697 151 4446 698 151 4447 699 151 4448 701 171 4449 702 171 4450 703 171 4451 702 39 4452 701 39 4453 697 39 4454 705 171 4455 706 171 4456 707 171 4457 709 151 4458 710 151 4459 711 151 4460 708 39 4461 706 39 4462 705 39 4463 713 151 4464 714 151 4465 715 151 4466 717 151 4467 718 151 4468 719 151 4469 721 151 4470 722 151 4471 723 151 4472 725 171 4473 726 171 4474 727 171 4475 729 171 4476 730 171 4477 731 171 4478 733 171 4479 734 171 4480 735 171 4481 737 151 4482 738 151 4483 739 151 4484 741 151 4485 742 151 4486 743 151 4487 745 151 4488 746 151 4489 747 151 4490 749 151 4491 750 151 4492 751 151 4493 753 151 4494 754 151 4495 755 151 4496 757 151 4497 758 151 4498 759 151 4499 761 151 4500 762 151 4501 763 151 4502 765 151 4503 766 151 4504 767 151 4505 769 151 4506 770 151 4507 771 151 4508 773 151 4509 774 151 4510 775 151 4511 777 171 4512 778 171 4513 779 171 4514 781 171 4515 782 171 4516 783 171 4517 785 171 4518 786 171 4519 787 171 4520 789 171 4521 790 171 4522 791 171 4523 793 171 4524 794 171 4525 795 171 4526 797 171 4527 798 171 4528 799 171 4529 801 171 4530 802 171 4531 803 171 4532 805 171 4533 806 171 4534 807 171 4535 809 171 4536 810 171 4537 811 171 4538 813 171 4539 814 171 4540 815 171 4541 715 161 4542 816 161 4543 817 161 4544 719 161 4545 818 161 4546 819 161 4547 723 161 4548 820 161 4549 821 161 4550 823 161 4551 824 161 4552 825 161 4553 827 161 4554 828 161 4555 829 161 4556 727 141 4557 830 141 4558 831 141 4559 731 141 4560 832 141 4561 833 141 4562 735 141 4563 834 141 4564 835 141 4565 837 141 4566 838 141 4567 839 141 4568 841 141 4569 842 141 4570 843 141 4571 739 141 4572 738 141 4573 845 141 4574 737 161 4575 736 161 4576 847 161 4577 743 141 4578 742 141 4579 849 141 4580 741 161 4581 740 161 4582 851 161 4583 747 141 4584 746 141 4585 853 141 4586 745 161 4587 744 161 4588 855 161 4589 751 161 4590 750 161 4591 857 161 4592 749 141 4593 748 141 4594 859 141 4595 755 161 4596 754 161 4597 861 161 4598 753 141 4599 752 141 4600 863 141 4601 759 161 4602 758 161 4603 865 161 4604 757 141 4605 756 141 4606 867 141 4607 763 161 4608 762 161 4609 869 161 4610 761 141 4611 760 141 4612 871 141 4613 767 161 4614 766 161 4615 873 161 4616 765 141 4617 764 141 4618 875 141 4619 771 141 4620 770 141 4621 877 141 4622 769 161 4623 768 161 4624 879 161 4625 775 141 4626 774 141 4627 881 141 4628 773 161 4629 772 161 4630 883 161 4631 779 161 4632 778 161 4633 885 161 4634 777 141 4635 776 141 4636 887 141 4637 783 161 4638 782 161 4639 889 161 4640 781 141 4641 780 141 4642 891 141 4643 787 161 4644 786 161 4645 893 161 4646 785 141 4647 784 141 4648 895 141 4649 791 141 4650 790 141 4651 897 141 4652 789 161 4653 788 161 4654 899 161 4655 795 141 4656 794 141 4657 901 141 4658 793 161 4659 792 161 4660 903 161 4661 799 141 4662 798 141 4663 905 141 4664 797 161 4665 796 161 4666 907 161 4667 803 141 4668 802 141 4669 909 141 4670 801 161 4671 800 161 4672 911 161 4673 807 141 4674 806 141 4675 913 141 4676 805 161 4677 804 161 4678 915 161 4679 811 161 4680 810 161 4681 917 161 4682 809 141 4683 808 141 4684 919 141 4685 815 161 4686 814 161 4687 921 161 4688 813 141 4689 812 141 4690 923 141 4691 822 151 4692 924 151 4693 925 151 4694 826 151 4695 926 151 4696 927 151 4697 836 171 4698 928 171 4699 929 171 4700 840 171 4701 930 171 4702 931 171 4703 713 141 4704 932 141 4705 933 141 4706 717 141 4707 934 141 4708 935 141 4709 721 141 4710 936 141 4711 937 141 4712 924 141 4713 938 141 4714 939 141 4715 926 141 4716 940 141 4717 941 141 4718 725 161 4719 942 161 4720 943 161 4721 729 161 4722 944 161 4723 945 161 4724 733 161 4725 946 161 4726 947 161 4727 928 161 4728 948 161 4729 949 161 4730 930 161 4731 950 161 4732 951 161 4733 938 171 4734 825 171 4735 824 171 4736 940 171 4737 829 171 4738 828 171 4739 839 151 4740 838 151 4741 949 151 4742 843 151 4743 842 151 4744 951 151 4745 847 171 4746 844 171 4747 845 171 4748 851 171 4749 848 171 4750 849 171 4751 855 171 4752 852 171 4753 853 171 4754 856 171 4755 857 171 4756 858 171 4757 860 171 4758 861 171 4759 862 171 4760 864 171 4761 865 171 4762 866 171 4763 868 171 4764 869 171 4765 870 171 4766 872 171 4767 873 171 4768 874 171 4769 879 171 4770 876 171 4771 877 171 4772 883 171 4773 880 171 4774 881 171 4775 884 151 4776 885 151 4777 886 151 4778 888 151 4779 889 151 4780 890 151 4781 892 151 4782 893 151 4783 894 151 4784 899 151 4785 896 151 4786 897 151 4787 903 151 4788 900 151 4789 901 151 4790 907 151 4791 904 151 4792 905 151 4793 911 151 4794 908 151 4795 909 151 4796 915 151 4797 912 151 4798 913 151 4799 916 151 4800 917 151 4801 918 151 4802 920 151 4803 921 151 4804 922 151 4805 932 171 4806 817 171 4807 816 171 4808 934 171 4809 819 171 4810 818 171 4811 936 171 4812 821 171 4813 820 171 4814 831 151 4815 830 151 4816 943 151 4817 833 151 4818 832 151 4819 945 151 4820 835 151 4821 834 151 4822 947 151 4823 953 141 4824 954 141 4825 955 141 4826 957 141 4827 958 141 4828 959 141 4829 961 141 4830 962 141 4831 963 141 4832 965 141 4833 966 141 4834 967 141 4835 969 141 4836 970 141 4837 971 141 4838 973 161 4839 974 161 4840 975 161 4841 977 161 4842 978 161 4843 979 161 4844 981 161 4845 982 161 4846 983 161 4847 985 161 4848 986 161 4849 987 161 4850 989 161 4851 990 161 4852 991 161 4853 953 151 4854 992 151 4855 993 151 4856 955 171 4857 994 171 4858 995 171 4859 957 151 4860 996 151 4861 997 151 4862 959 171 4863 998 171 4864 999 171 4865 961 151 4866 1000 151 4867 1001 151 4868 963 171 4869 1002 171 4870 1003 171 4871 965 171 4872 1004 171 4873 1005 171 4874 967 151 4875 1006 151 4876 1007 151 4877 969 171 4878 1008 171 4879 1009 171 4880 971 151 4881 1010 151 4882 1011 151 4883 973 151 4884 1012 151 4885 1013 151 4886 975 171 4887 1014 171 4888 1015 171 4889 977 151 4890 1016 151 4891 1017 151 4892 979 171 4893 1018 171 4894 1019 171 4895 981 151 4896 1020 151 4897 1021 151 4898 983 171 4899 1022 171 4900 1023 171 4901 985 171 4902 1024 171 4903 1025 171 4904 987 151 4905 1026 151 4906 1027 151 4907 989 171 4908 1028 171 4909 1029 171 4910 991 151 4911 1030 151 4912 1031 151 4913 993 161 4914 992 161 4915 995 161 4916 997 161 4917 996 161 4918 999 161 4919 1001 161 4920 1000 161 4921 1003 161 4922 1005 161 4923 1004 161 4924 1007 161 4925 1009 161 4926 1008 161 4927 1011 161 4928 1013 141 4929 1012 141 4930 1015 141 4931 1017 141 4932 1016 141 4933 1019 141 4934 1021 141 4935 1020 141 4936 1023 141 4937 1025 141 4938 1024 141 4939 1027 141 4940 1029 141 4941 1028 141 4942 1031 141 4943 1033 141 4944 1034 141 4945 1035 141 4946 1037 141 4947 1038 141 4948 1039 141 4949 1041 141 4950 1042 141 4951 1043 141 4952 1045 141 4953 1046 141 4954 1047 141 4955 1049 141 4956 1050 141 4957 1051 141 4958 1053 161 4959 1054 161 4960 1055 161 4961 1057 161 4962 1058 161 4963 1059 161 4964 1061 161 4965 1062 161 4966 1063 161 4967 1065 161 4968 1066 161 4969 1067 161 4970 1069 161 4971 1070 161 4972 1071 161 4973 1033 151 4974 1072 151 4975 1073 151 4976 1035 171 4977 1074 171 4978 1075 171 4979 1037 151 4980 1076 151 4981 1077 151 4982 1039 171 4983 1078 171 4984 1079 171 4985 1041 151 4986 1080 151 4987 1081 151 4988 1043 171 4989 1082 171 4990 1083 171 4991 1045 171 4992 1084 171 4993 1085 171 4994 1047 151 4995 1086 151 4996 1087 151 4997 1049 171 4998 1088 171 4999 1089 171 5000 1051 151 5001 1090 151 5002 1091 151 5003 1053 151 5004 1092 151 5005 1093 151 5006 1055 171 5007 1094 171 5008 1095 171 5009 1057 151 5010 1096 151 5011 1097 151 5012 1059 171 5013 1098 171 5014 1099 171 5015 1061 151 5016 1100 151 5017 1101 151 5018 1063 171 5019 1102 171 5020 1103 171 5021 1065 171 5022 1104 171 5023 1105 171 5024 1067 151 5025 1106 151 5026 1107 151 5027 1069 171 5028 1108 171 5029 1109 171 5030 1071 151 5031 1110 151 5032 1111 151 5033 1073 161 5034 1072 161 5035 1075 161 5036 1077 161 5037 1076 161 5038 1079 161 5039 1081 161 5040 1080 161 5041 1083 161 5042 1085 161 5043 1084 161 5044 1087 161 5045 1089 161 5046 1088 161 5047 1091 161 5048 1093 141 5049 1092 141 5050 1095 141 5051 1097 141 5052 1096 141 5053 1099 141 5054 1101 141 5055 1100 141 5056 1103 141 5057 1105 141 5058 1104 141 5059 1107 141 5060 1109 141 5061 1108 141 5062 1111 141 5063 1113 141 5064 1114 141 5065 1115 141 5066 1117 141 5067 1118 141 5068 1119 141 5069 1121 161 5070 1122 161 5071 1123 161 5072 1125 161 5073 1126 161 5074 1127 161 5075 1113 171 5076 1128 171 5077 1129 171 5078 1115 151 5079 1130 151 5080 1131 151 5081 1117 171 5082 1132 171 5083 1133 171 5084 1119 151 5085 1134 151 5086 1135 151 5087 1121 171 5088 1136 171 5089 1137 171 5090 1123 151 5091 1138 151 5092 1139 151 5093 1125 171 5094 1140 171 5095 1141 171 5096 1127 151 5097 1142 151 5098 1143 151 5099 1129 161 5100 1128 161 5101 1131 161 5102 1133 161 5103 1132 161 5104 1135 161 5105 1137 141 5106 1136 141 5107 1139 141 5108 1141 141 5109 1140 141 5110 1143 141 5111 1145 141 5112 1146 141 5113 1147 141 5114 1149 141 5115 1150 141 5116 1151 141 5117 1153 141 5118 1154 141 5119 1155 141 5120 1157 141 5121 1158 141 5122 1159 141 5123 1161 141 5124 1162 141 5125 1163 141 5126 1165 161 5127 1166 161 5128 1167 161 5129 1169 161 5130 1170 161 5131 1171 161 5132 1173 161 5133 1174 161 5134 1175 161 5135 1177 161 5136 1178 161 5137 1179 161 5138 1181 161 5139 1182 161 5140 1183 161 5141 1145 171 5142 1144 171 5143 1185 171 5144 1147 151 5145 1146 151 5146 1187 151 5147 1149 171 5148 1148 171 5149 1189 171 5150 1151 151 5151 1150 151 5152 1191 151 5153 1153 171 5154 1152 171 5155 1193 171 5156 1155 151 5157 1154 151 5158 1195 151 5159 1157 151 5160 1156 151 5161 1197 151 5162 1159 171 5163 1158 171 5164 1199 171 5165 1161 151 5166 1160 151 5167 1201 151 5168 1163 171 5169 1162 171 5170 1203 171 5171 1165 171 5172 1164 171 5173 1205 171 5174 1167 151 5175 1166 151 5176 1207 151 5177 1169 171 5178 1168 171 5179 1209 171 5180 1171 151 5181 1170 151 5182 1211 151 5183 1173 171 5184 1172 171 5185 1213 171 5186 1175 151 5187 1174 151 5188 1215 151 5189 1177 151 5190 1176 151 5191 1217 151 5192 1179 171 5193 1178 171 5194 1219 171 5195 1181 151 5196 1180 151 5197 1221 151 5198 1183 171 5199 1182 171 5200 1223 171 5201 1185 161 5202 1186 161 5203 1187 161 5204 1189 161 5205 1190 161 5206 1191 161 5207 1193 161 5208 1194 161 5209 1195 161 5210 1197 161 5211 1198 161 5212 1199 161 5213 1201 161 5214 1202 161 5215 1203 161 5216 1205 141 5217 1206 141 5218 1207 141 5219 1209 141 5220 1210 141 5221 1211 141 5222 1213 141 5223 1214 141 5224 1215 141 5225 1217 141 5226 1218 141 5227 1219 141 5228 1221 141 5229 1222 141 5230 1223 141 5231 1225 141 5232 1226 141 5233 1227 141 5234 1229 141 5235 1230 141 5236 1231 141 5237 1233 141 5238 1234 141 5239 1235 141 5240 1237 141 5241 1238 141 5242 1239 141 5243 1241 141 5244 1242 141 5245 1243 141 5246 1245 161 5247 1246 161 5248 1247 161 5249 1249 161 5250 1250 161 5251 1251 161 5252 1253 161 5253 1254 161 5254 1255 161 5255 1257 161 5256 1258 161 5257 1259 161 5258 1261 161 5259 1262 161 5260 1263 161 5261 1225 171 5262 1224 171 5263 1265 171 5264 1227 151 5265 1226 151 5266 1267 151 5267 1229 171 5268 1228 171 5269 1269 171 5270 1231 151 5271 1230 151 5272 1271 151 5273 1233 171 5274 1232 171 5275 1273 171 5276 1235 151 5277 1234 151 5278 1275 151 5279 1237 151 5280 1236 151 5281 1277 151 5282 1239 171 5283 1238 171 5284 1279 171 5285 1241 151 5286 1240 151 5287 1281 151 5288 1243 171 5289 1242 171 5290 1283 171 5291 1245 171 5292 1244 171 5293 1285 171 5294 1247 151 5295 1246 151 5296 1287 151 5297 1249 171 5298 1248 171 5299 1289 171 5300 1251 151 5301 1250 151 5302 1291 151 5303 1253 171 5304 1252 171 5305 1293 171 5306 1255 151 5307 1254 151 5308 1295 151 5309 1257 151 5310 1256 151 5311 1297 151 5312 1259 171 5313 1258 171 5314 1299 171 5315 1261 151 5316 1260 151 5317 1301 151 5318 1263 171 5319 1262 171 5320 1303 171 5321 1265 161 5322 1266 161 5323 1267 161 5324 1269 161 5325 1270 161 5326 1271 161 5327 1273 161 5328 1274 161 5329 1275 161 5330 1277 161 5331 1278 161 5332 1279 161 5333 1281 161 5334 1282 161 5335 1283 161 5336 1285 141 5337 1286 141 5338 1287 141 5339 1289 141 5340 1290 141 5341 1291 141 5342 1293 141 5343 1294 141 5344 1295 141 5345 1297 141 5346 1298 141 5347 1299 141 5348 1301 141 5349 1302 141 5350 1303 141 5351 1305 141 5352 1306 141 5353 1307 141 5354 1309 141 5355 1310 141 5356 1311 141 5357 1313 161 5358 1314 161 5359 1315 161 5360 1317 161 5361 1318 161 5362 1319 161 5363 1305 151 5364 1304 151 5365 1321 151 5366 1307 171 5367 1306 171 5368 1323 171 5369 1309 151 5370 1308 151 5371 1325 151 5372 1311 171 5373 1310 171 5374 1327 171 5375 1313 151 5376 1312 151 5377 1329 151 5378 1315 171 5379 1314 171 5380 1331 171 5381 1317 151 5382 1316 151 5383 1333 151 5384 1319 171 5385 1318 171 5386 1335 171 5387 1321 161 5388 1322 161 5389 1323 161 5390 1325 161 5391 1326 161 5392 1327 161 5393 1329 141 5394 1330 141 5395 1331 141 5396 1333 141 5397 1334 141 5398 1335 141 5399 97 86 5400 96 85 5401 1336 418 5402 202 419 5403 1336 418 5404 66 65 5405 67 66 5406 84 75 5407 87 77 5408 115 103 5409 114 102 5410 1337 420 5411 186 421 5412 1337 420 5413 74 68 5414 75 69 5415 102 91 5416 103 92 5417 384 422 5418 152 121 5419 153 122 5420 120 104 5421 384 422 5422 261 210 5423 141 423 5424 140 115 5425 123 106 5426 414 424 5427 170 132 5428 171 133 5429 128 107 5430 414 424 5431 263 211 5432 159 425 5433 158 126 5434 131 109 5435 1338 151 5436 72 151 5437 103 153 5438 184 151 5439 73 151 5440 72 151 5441 186 151 5442 185 151 5443 183 149 5444 1339 171 5445 64 171 5446 87 173 5447 200 171 5448 65 171 5449 64 171 5450 202 171 5451 201 171 5452 199 169 5453 436 151 5454 1340 151 5455 209 178 5456 210 151 5457 213 151 5458 1340 151 5459 212 151 5460 211 151 5461 215 179 5462 438 171 5463 1341 171 5464 237 196 5465 238 171 5466 241 171 5467 1341 171 5468 240 171 5469 239 171 5470 243 197 5471 203 430 5472 141 423 5473 122 105 5474 1339 431 5475 122 105 5476 121 40 5477 261 210 5478 153 122 5479 199 432 5480 188 433 5481 159 425 5482 130 108 5483 1338 434 5484 130 108 5485 129 40 5486 263 211 5487 171 133 5488 183 435 5489 1342 151 5490 123 151 5491 140 337 5492 382 151 5493 120 151 5494 123 151 5495 384 151 5496 383 151 5497 387 340 5498 1343 151 5499 1336 151 5500 96 344 5501 385 151 5502 66 151 5503 1336 151 5504 67 151 5505 386 151 5506 381 338 5507 1344 171 5508 131 171 5509 158 373 5510 412 171 5511 128 171 5512 131 171 5513 414 171 5514 413 171 5515 417 376 5516 1345 171 5517 1337 171 5518 114 380 5519 415 171 5520 74 171 5521 1337 171 5522 75 171 5523 416 171 5524 411 374 5525 1344 785 5526 410 785 5527 237 785 5528 412 405 5529 1344 405 5530 1341 405 5531 242 786 5532 417 786 5533 413 786 5534 1342 787 5535 380 787 5536 209 787 5537 382 409 5538 1342 409 5539 1340 409 5540 214 788 5541 387 788 5542 383 788 5543 1343 789 5544 390 789 5545 215 789 5546 385 411 5547 1343 411 5548 211 411 5549 208 40 5550 381 40 5551 386 40 5552 1345 790 5553 420 790 5554 243 790 5555 415 415 5556 1345 415 5557 239 415 5558 236 40 5559 411 40 5560 416 40 5561 43 42 5562 46 46 5563 55 39 5564 52 51 5565 54 54 5566 49 48 5567 54 54 5568 52 51 5569 53 53 5570 48 47 5571 49 48 5572 41 39 5573 58 61 5574 56 57 5575 57 59 5576 50 39 5577 59 62 5578 47 44 5579 56 57 5580 58 61 5581 59 62 5582 51 49 5583 57 59 5584 45 39 5585 15 40 5586 5 40 5587 26 40 5588 31 40 5589 26 40 5590 24 40 5591 29 40 5592 24 40 5593 16 40 5594 19 40 5595 16 40 5596 2 40 5597 14 40 5598 6 40 5599 5 40 5600 32 40 5601 36 40 5602 22 40 5603 36 40 5604 32 40 5605 20 40 5606 34 40 5607 22 40 5608 10 40 5609 83 39 5610 82 74 5611 1346 39 5612 1347 39 5613 1346 39 5614 1348 39 5615 194 39 5616 1348 39 5617 62 39 5618 1349 39 5619 76 70 5620 79 72 5621 63 39 5622 1349 39 5623 1350 39 5624 109 39 5625 108 97 5626 1351 39 5627 1352 39 5628 1351 39 5629 1353 39 5630 178 39 5631 1353 39 5632 70 39 5633 1354 39 5634 88 78 5635 91 80 5636 71 39 5637 1354 39 5638 1355 39 5639 1356 40 5640 136 112 5641 139 114 5642 399 40 5643 1356 40 5644 1357 40 5645 260 40 5646 116 40 5647 119 40 5648 133 444 5649 132 110 5650 1358 40 5651 1359 40 5652 1358 40 5653 118 40 5654 1360 40 5655 164 129 5656 165 130 5657 429 40 5658 1360 40 5659 1361 40 5660 262 40 5661 124 40 5662 127 40 5663 145 445 5664 144 118 5665 1362 40 5666 1363 40 5667 1362 40 5668 126 40 5669 1364 141 5670 1355 141 5671 91 143 5672 1365 141 5673 68 141 5674 1355 141 5675 176 141 5676 69 141 5677 68 141 5678 1352 141 5679 1366 141 5680 175 139 5681 178 141 5682 177 141 5683 1366 141 5684 1367 161 5685 1350 161 5686 79 163 5687 1368 161 5688 60 161 5689 1350 161 5690 192 161 5691 61 161 5692 60 161 5693 1347 161 5694 1369 161 5695 191 159 5696 194 161 5697 193 161 5698 1369 161 5699 1370 141 5700 1371 141 5701 223 187 5702 437 141 5703 1372 141 5704 1371 141 5705 224 141 5706 227 141 5707 1372 141 5708 1373 141 5709 1374 141 5710 229 188 5711 226 141 5712 225 141 5713 1374 141 5714 1375 161 5715 1376 161 5716 251 205 5717 439 161 5718 1377 161 5719 1376 161 5720 252 161 5721 255 161 5722 1377 161 5723 1378 161 5724 1379 161 5725 257 206 5726 254 161 5727 253 161 5728 1379 161 5729 196 40 5730 133 444 5731 1359 40 5732 1367 40 5733 1359 40 5734 117 40 5735 116 40 5736 192 40 5737 1368 40 5738 1357 40 5739 139 114 5740 191 40 5741 260 40 5742 1357 40 5743 1369 40 5744 180 40 5745 145 445 5746 1363 40 5747 1364 40 5748 1363 40 5749 125 40 5750 124 40 5751 176 40 5752 1365 40 5753 1361 40 5754 165 130 5755 175 40 5756 262 40 5757 1361 40 5758 1366 40 5759 1380 141 5760 1358 141 5761 132 355 5762 1381 141 5763 118 141 5764 1358 141 5765 397 141 5766 119 141 5767 118 141 5768 1356 141 5769 1382 141 5770 402 358 5771 399 141 5772 398 141 5773 1382 141 5774 1383 141 5775 1346 141 5776 82 362 5777 1384 141 5778 1348 141 5779 1346 141 5780 400 141 5781 62 141 5782 1348 141 5783 1349 141 5784 1385 141 5785 396 356 5786 63 141 5787 401 141 5788 1385 141 5789 1386 161 5790 1362 161 5791 144 391 5792 1387 161 5793 126 161 5794 1362 161 5795 427 161 5796 127 161 5797 126 161 5798 1360 161 5799 1388 161 5800 432 394 5801 429 161 5802 428 161 5803 1388 161 5804 1389 161 5805 1351 161 5806 108 398 5807 1390 161 5808 1353 161 5809 1351 161 5810 430 161 5811 70 161 5812 1353 161 5813 1354 161 5814 1391 161 5815 426 392 5816 71 161 5817 431 161 5818 1391 161 5819 1386 39 5820 425 39 5821 251 39 5822 1387 39 5823 1386 39 5824 1376 39 5825 427 39 5826 1387 39 5827 1377 39 5828 256 39 5829 432 39 5830 1388 39 5831 1378 39 5832 1388 39 5833 428 39 5834 1380 39 5835 395 39 5836 223 39 5837 1381 39 5838 1380 39 5839 1371 39 5840 397 39 5841 1381 39 5842 1372 39 5843 228 39 5844 402 39 5845 1382 39 5846 1373 39 5847 1382 39 5848 398 39 5849 1383 40 5850 405 40 5851 229 40 5852 1384 40 5853 1383 40 5854 1374 40 5855 400 40 5856 1384 40 5857 225 40 5858 222 40 5859 396 40 5860 1385 40 5861 1370 40 5862 1385 40 5863 401 40 5864 1389 40 5865 435 40 5866 257 40 5867 1390 40 5868 1389 40 5869 1379 40 5870 430 40 5871 1390 40 5872 253 40 5873 250 40 5874 426 40 5875 1391 40 5876 1375 40 5877 1391 40 5878 431 40 5879 1393 454 5880 1394 458 5881 1395 455 5882 1396 457 5883 1397 459 5884 1394 458 5885 264 214 5886 267 213 5887 1397 459 5888 1399 460 5889 1400 464 5890 1401 461 5891 266 463 5892 265 212 5893 1400 464 5894 1394 465 5895 1402 469 5896 1403 466 5897 1397 468 5898 1404 470 5899 1402 469 5900 267 217 5901 269 216 5902 1404 470 5903 1406 471 5904 1399 474 5905 1398 472 5906 268 218 5907 266 215 5908 1399 474 5909 1402 469 5910 1407 476 5911 1408 475 5912 1404 470 5913 1409 477 5914 1407 476 5915 269 216 5916 271 219 5917 1409 477 5918 1411 478 5919 1406 471 5920 1405 473 5921 270 220 5922 268 218 5923 1406 471 5924 1407 476 5925 1412 481 5926 1413 480 5927 1409 477 5928 1414 482 5929 1412 481 5930 271 219 5931 273 221 5932 1414 482 5933 1416 483 5934 1411 478 5935 1410 479 5936 272 222 5937 270 220 5938 1411 478 5939 1412 481 5940 1417 485 5941 1418 484 5942 1414 482 5943 1419 486 5944 1417 485 5945 273 221 5946 275 223 5947 1419 486 5948 1421 487 5949 1416 483 5950 1415 222 5951 274 485 5952 272 222 5953 1416 483 5954 1417 489 5955 1422 493 5956 1423 490 5957 1419 492 5958 1424 489 5959 1422 493 5960 275 226 5961 277 225 5962 1424 489 5963 1426 494 5964 1421 489 5965 1420 495 5966 276 497 5967 274 224 5968 1421 489 5969 1422 498 5970 1427 502 5971 1428 499 5972 1424 501 5973 1429 503 5974 1427 502 5975 277 229 5976 279 228 5977 1429 503 5978 1431 504 5979 1426 507 5980 1425 505 5981 278 230 5982 276 227 5983 1426 507 5984 1427 502 5985 1432 509 5986 1433 508 5987 1429 503 5988 1434 510 5989 1432 509 5990 279 228 5991 281 231 5992 1434 510 5993 1436 511 5994 1431 504 5995 1430 506 5996 280 232 5997 278 230 5998 1431 504 5999 1432 509 6000 1437 514 6001 1438 513 6002 1434 510 6003 1439 515 6004 1437 514 6005 281 231 6006 283 233 6007 1439 515 6008 1441 516 6009 1436 511 6010 1435 512 6011 282 234 6012 280 232 6013 1436 511 6014 1437 514 6015 1393 519 6016 1392 518 6017 1439 515 6018 1396 520 6019 1393 519 6020 283 233 6021 264 235 6022 1396 520 6023 1400 521 6024 1441 516 6025 1440 517 6026 265 523 6027 282 234 6028 1441 516 6029 1443 524 6030 1444 528 6031 1445 525 6032 1446 527 6033 1447 529 6034 1444 528 6035 284 238 6036 287 237 6037 1447 529 6038 1449 530 6039 1450 534 6040 1451 531 6041 286 533 6042 285 236 6043 1450 534 6044 1444 535 6045 1452 539 6046 1453 536 6047 1447 538 6048 1454 540 6049 1452 539 6050 287 241 6051 289 240 6052 1454 540 6053 1456 541 6054 1449 545 6055 1448 542 6056 288 544 6057 286 239 6058 1449 545 6059 1452 546 6060 1457 550 6061 1458 547 6062 1454 549 6063 1459 551 6064 1457 550 6065 289 244 6066 291 243 6067 1459 551 6068 1461 552 6069 1456 546 6070 1455 553 6071 290 243 6072 288 242 6073 1456 546 6074 1457 550 6075 1462 556 6076 1463 555 6077 1459 551 6078 1464 557 6079 1462 556 6080 291 243 6081 293 245 6082 1464 557 6083 1466 558 6084 1461 552 6085 1460 554 6086 292 246 6087 290 243 6088 1461 552 6089 1462 556 6090 1467 561 6091 1468 560 6092 1464 557 6093 1469 562 6094 1467 561 6095 293 245 6096 295 247 6097 1469 562 6098 1471 563 6099 1466 558 6100 1465 559 6101 294 248 6102 292 246 6103 1466 558 6104 1467 561 6105 1472 566 6106 1473 565 6107 1469 562 6108 1474 567 6109 1472 566 6110 295 247 6111 297 249 6112 1474 567 6113 1476 568 6114 1471 563 6115 1470 564 6116 296 570 6117 294 248 6118 1471 563 6119 1472 571 6120 1477 574 6121 1478 251 6122 1474 573 6123 1479 250 6124 1477 574 6125 297 252 6126 299 251 6127 1479 250 6128 1481 575 6129 1476 250 6130 1475 576 6131 298 578 6132 296 250 6133 1476 250 6134 1477 579 6135 1482 583 6136 1483 580 6137 1479 582 6138 1484 584 6139 1482 583 6140 299 255 6141 301 254 6142 1484 584 6143 1486 585 6144 1481 588 6145 1480 586 6146 300 256 6147 298 253 6148 1481 588 6149 1482 583 6150 1487 590 6151 1488 589 6152 1484 584 6153 1489 591 6154 1487 590 6155 301 254 6156 303 257 6157 1489 591 6158 1491 592 6159 1486 585 6160 1485 587 6161 302 258 6162 300 256 6163 1486 585 6164 1487 590 6165 1443 524 6166 1442 526 6167 1489 591 6168 1446 527 6169 1443 524 6170 303 257 6171 284 238 6172 1446 527 6173 1450 534 6174 1491 592 6175 1490 593 6176 285 236 6177 302 258 6178 1491 592 6179 1493 594 6180 1494 597 6181 1495 260 6182 1496 596 6183 1497 259 6184 1494 597 6185 304 261 6186 307 260 6187 1497 259 6188 1499 598 6189 1500 259 6190 1501 599 6191 306 601 6192 305 259 6193 1500 259 6194 1494 602 6195 1502 606 6196 1503 603 6197 1497 605 6198 1504 607 6199 1502 606 6200 307 264 6201 309 263 6202 1504 607 6203 1506 608 6204 1499 611 6205 1498 609 6206 308 265 6207 306 262 6208 1499 611 6209 1502 606 6210 1507 613 6211 1508 612 6212 1504 607 6213 1509 614 6214 1507 613 6215 309 263 6216 311 266 6217 1509 614 6218 1511 615 6219 1506 608 6220 1505 610 6221 310 267 6222 308 265 6223 1506 608 6224 1507 613 6225 1512 618 6226 1513 617 6227 1509 614 6228 1514 619 6229 1512 618 6230 311 266 6231 313 268 6232 1514 619 6233 1516 620 6234 1511 615 6235 1510 616 6236 312 269 6237 310 267 6238 1511 615 6239 1512 618 6240 1517 623 6241 1518 622 6242 1514 619 6243 1519 624 6244 1517 623 6245 313 268 6246 315 270 6247 1519 624 6248 1521 625 6249 1516 620 6250 1515 621 6251 314 627 6252 312 269 6253 1516 620 6254 1517 628 6255 1522 632 6256 1523 629 6257 1519 631 6258 1524 633 6259 1522 632 6260 315 273 6261 317 272 6262 1524 633 6263 1526 634 6264 1521 638 6265 1520 635 6266 316 637 6267 314 271 6268 1521 638 6269 1522 639 6270 1527 643 6271 1528 640 6272 1524 642 6273 1529 644 6274 1527 643 6275 317 276 6276 319 275 6277 1529 644 6278 1531 645 6279 1526 639 6280 1525 646 6281 318 275 6282 316 274 6283 1526 639 6284 1527 643 6285 1532 649 6286 1533 648 6287 1529 644 6288 1534 650 6289 1532 649 6290 319 275 6291 321 277 6292 1534 650 6293 1536 651 6294 1531 645 6295 1530 647 6296 320 278 6297 318 275 6298 1531 645 6299 1532 649 6300 1537 654 6301 1538 653 6302 1534 650 6303 1539 655 6304 1537 654 6305 321 277 6306 323 279 6307 1539 655 6308 1541 656 6309 1536 651 6310 1535 652 6311 322 280 6312 320 278 6313 1536 651 6314 1537 654 6315 1493 659 6316 1492 658 6317 1539 655 6318 1496 660 6319 1493 659 6320 323 279 6321 304 281 6322 1496 660 6323 1500 661 6324 1541 656 6325 1540 657 6326 305 663 6327 322 280 6328 1541 656 6329 1543 664 6330 1544 668 6331 1545 665 6332 1546 667 6333 1547 669 6334 1544 668 6335 324 284 6336 327 283 6337 1547 669 6338 1549 670 6339 1550 674 6340 1551 671 6341 326 673 6342 325 282 6343 1550 674 6344 1544 675 6345 1552 679 6346 1553 676 6347 1547 678 6348 1554 680 6349 1552 679 6350 327 287 6351 329 286 6352 1554 680 6353 1556 681 6354 1549 684 6355 1548 682 6356 328 288 6357 326 285 6358 1549 684 6359 1552 679 6360 1557 686 6361 1558 685 6362 1554 680 6363 1559 687 6364 1557 686 6365 329 286 6366 331 289 6367 1559 687 6368 1561 688 6369 1556 681 6370 1555 683 6371 330 290 6372 328 288 6373 1556 681 6374 1557 686 6375 1562 691 6376 1563 690 6377 1559 687 6378 1564 692 6379 1562 691 6380 331 289 6381 333 291 6382 1564 692 6383 1566 693 6384 1561 688 6385 1560 689 6386 332 292 6387 330 290 6388 1561 688 6389 1562 691 6390 1567 695 6391 1568 694 6392 1564 692 6393 1569 696 6394 1567 695 6395 333 291 6396 335 293 6397 1569 696 6398 1571 697 6399 1566 693 6400 1565 292 6401 334 695 6402 332 292 6403 1566 693 6404 1567 699 6405 1572 703 6406 1573 700 6407 1569 702 6408 1574 699 6409 1572 703 6410 335 296 6411 337 295 6412 1574 699 6413 1576 704 6414 1571 699 6415 1570 705 6416 336 707 6417 334 294 6418 1571 699 6419 1572 708 6420 1577 712 6421 1578 709 6422 1574 711 6423 1579 713 6424 1577 712 6425 337 299 6426 339 298 6427 1579 713 6428 1581 714 6429 1576 717 6430 1575 715 6431 338 300 6432 336 297 6433 1576 717 6434 1577 712 6435 1582 719 6436 1583 718 6437 1579 713 6438 1584 720 6439 1582 719 6440 339 298 6441 341 301 6442 1584 720 6443 1586 721 6444 1581 714 6445 1580 716 6446 340 302 6447 338 300 6448 1581 714 6449 1582 719 6450 1587 724 6451 1588 723 6452 1584 720 6453 1589 725 6454 1587 724 6455 341 301 6456 343 303 6457 1589 725 6458 1591 726 6459 1586 721 6460 1585 722 6461 342 304 6462 340 302 6463 1586 721 6464 1587 724 6465 1543 729 6466 1542 728 6467 1589 725 6468 1546 730 6469 1543 729 6470 343 303 6471 324 305 6472 1546 730 6473 1550 731 6474 1591 726 6475 1590 727 6476 325 733 6477 342 304 6478 1591 726 6479 1398 462 6480 1401 461 6481 133 734 6482 1405 473 6483 1398 472 6484 196 447 6485 1410 479 6486 1405 473 6487 195 162 6488 1415 222 6489 1410 479 6490 197 165 6491 1420 488 6492 1415 222 6493 198 167 6494 1425 496 6495 1420 495 6496 199 736 6497 1430 506 6498 1425 505 6499 153 738 6500 1435 512 6501 1430 506 6502 151 739 6503 1440 517 6504 1435 512 6505 148 740 6506 1401 522 6507 1440 517 6508 134 741 6509 1448 532 6510 1451 531 6511 190 157 6512 1455 543 6513 1448 542 6514 191 743 6515 1460 554 6516 1455 553 6517 139 745 6518 1465 559 6519 1460 554 6520 138 746 6521 1470 564 6522 1465 559 6523 155 747 6524 1475 569 6525 1470 564 6526 157 748 6527 1480 577 6528 1475 576 6529 159 750 6530 1485 587 6531 1480 586 6532 188 426 6533 1490 593 6534 1485 587 6535 187 152 6536 1451 531 6537 1490 593 6538 189 155 6539 1498 600 6540 1501 599 6541 141 752 6542 1505 610 6543 1498 609 6544 203 427 6545 1510 616 6546 1505 610 6547 173 172 6548 1515 621 6549 1510 616 6550 172 134 6551 1520 626 6552 1515 621 6553 174 137 6554 1525 636 6555 1520 635 6556 175 754 6557 1530 647 6558 1525 646 6559 165 756 6560 1535 652 6561 1530 647 6562 163 757 6563 1540 657 6564 1535 652 6565 160 758 6566 1501 662 6567 1540 657 6568 142 759 6569 1548 672 6570 1551 671 6571 145 761 6572 1555 683 6573 1548 682 6574 180 446 6575 1560 689 6576 1555 683 6577 179 142 6578 1565 292 6579 1560 689 6580 181 145 6581 1570 698 6582 1565 292 6583 182 147 6584 1575 706 6585 1570 705 6586 183 763 6587 1580 716 6588 1575 715 6589 171 765 6590 1585 722 6591 1580 716 6592 169 766 6593 1590 727 6594 1585 722 6595 166 767 6596 1551 732 6597 1590 727 6598 146 768 6599</p>
        </triangles>
      </mesh>
    </geometry>
  </library_geometries>
  <library_visual_scenes>
    <visual_scene id="Scene" name="Scene">
      <node id="_4029_Plastic_Fruit_Crate_v1_L1" name="14029_Plastic_Fruit_Crate_v1_L1" type="NODE">
        <matrix sid="transform">0.01 0 0 0 0 0.01 0 0 0 0 0.01 0 0 0 0 1</matrix>
        <instance_geometry url="#_4029_Plastic_Fruit_Crate_v1_L1-mesh" name="14029_Plastic_Fruit_Crate_v1_L1">
          <bind_material>
            <technique_common>
              <instance_material symbol="_14029_plastic_fruit_crate_v1_L114029_plastic_fruit_crate-material" target="#_14029_plastic_fruit_crate_v1_L114029_plastic_fruit_crate-material">
                <bind_vertex_input semantic="UVMap" input_semantic="TEXCOORD" input_set="0"/>
              </instance_material>
            </technique_common>
          </bind_material>
        </instance_geometry>
      </node>
    </visual_scene>
  </library_visual_scenes>
  <scene>
    <instance_visual_scene url="#Scene"/>
  </scene>
</COLLADA>